Order_ID,Order_Date,Region,Customer_Segment,Category,Product,Quantity,Unit_Price,Discount,Revenue
ORD0001,2025-11-24,North,Home Office,Electronics,Wireless Mouse,3,1374.48,0.0,4123.44
ORD0002,2025-10-07,South,Consumer,Electronics,USB Hub,4,351.56,0.0,1406.24
ORD0003,2025-09-16,West,Consumer,Electronics,USB Hub,2,3635.89,0.15,6181.01
ORD0004,2025-08-18,East,Consumer,Fashion,T-Shirt,2,3550.07,0.05,6745.13
ORD0005,2025-04-21,East,Home Office,Fashion,T-Shirt,1,2022.65,0.05,1921.52
ORD0006,2025-05-16,North,Home Office,Electronics,Headphones,5,798.17,0.1,3591.76
ORD0007,2025-05-31,South,Corporate,Fashion,Jacket,2,3580.94,0.0,7161.88
ORD0008,2025-02-10,South,Corporate,Home & Kitchen,Coffee Maker,4,1533.27,0.05,5826.43
ORD0009,2025-07-01,Central,Home Office,Home & Kitchen,Cookware Set,1,3122.83,0.0,3122.83
ORD0010,2025-05-06,South,Home Office,Home & Kitchen,Table Lamp,4,1494.75,0.15,5082.15
ORD0011,2025-06-16,East,Consumer,Electronics,Keyboard,1,4063.22,0.1,3656.9
ORD0012,2025-04-19,South,Corporate,Fashion,Jeans,4,2098.03,0.1,7552.91
ORD0013,2025-03-13,West,Home Office,Home & Kitchen,Storage Box,5,1460.16,0.15,6205.68
ORD0014,2025-07-24,North,Consumer,Fashion,Jeans,2,2644.73,0.0,5289.46
ORD0015,2025-03-20,Central,Corporate,Home & Kitchen,Table Lamp,5,503.93,0.1,2267.68
ORD0016,2025-09-28,Central,Corporate,Fashion,Jacket,1,3464.36,0.0,3464.36
ORD0017,2025-11-25,North,Home Office,Fashion,T-Shirt,3,2285.87,0.1,6171.85
ORD0018,2025-05-15,Central,Home Office,Home & Kitchen,Storage Box,1,4377.49,0.05,4158.62
ORD0019,2025-04-12,North,Home Office,Home & Kitchen,Cookware Set,2,2788.02,0.15,4739.63
ORD0020,2025-06-15,South,Consumer,Beauty,Face Wash,1,4658.67,0.05,4425.74
ORD0021,2025-05-04,South,Consumer,Electronics,Wireless Mouse,4,4115.91,0.15,13994.09
ORD0022,2025-12-04,West,Consumer,Beauty,Lip Balm,2,1471.27,0.15,2501.16
ORD0023,2025-10-04,West,Home Office,Home & Kitchen,Cookware Set,4,4975.72,0.05,18907.74
ORD0024,2025-08-20,Central,Home Office,Electronics,Keyboard,2,506.32,0.0,1012.64
ORD0025,2025-04-28,South,Consumer,Home & Kitchen,Coffee Maker,1,3596.64,0.0,3596.64
ORD0026,2025-01-17,South,Home Office,Fashion,T-Shirt,5,1341.42,0.1,6036.39
ORD0027,2025-03-09,North,Consumer,Beauty,Moisturizer,4,4074.99,0.0,16299.96
ORD0028,2025-12-04,North,Consumer,Beauty,Shampoo,4,2172.29,0.0,8689.16
ORD0029,2025-07-26,West,Consumer,Fashion,T-Shirt,2,1118.63,0.15,1901.67
ORD0030,2025-08-05,West,Home Office,Home & Kitchen,Cookware Set,4,1398.07,0.0,5592.28
ORD0031,2025-02-20,South,Corporate,Electronics,USB Hub,1,4850.18,0.0,4850.18
ORD0032,2025-09-06,West,Consumer,Beauty,Moisturizer,4,4530.73,0.0,18122.92
ORD0033,2025-07-19,West,Consumer,Fashion,Backpack,3,2229.44,0.15,5685.07
ORD0034,2025-04-08,North,Home Office,Fashion,Jeans,1,2979.07,0.15,2532.21
ORD0035,2025-06-10,South,Consumer,Electronics,Wireless Mouse,5,2487.58,0.15,10572.22
ORD0036,2025-09-18,West,Consumer,Electronics,Keyboard,1,3055.17,0.0,3055.17
ORD0037,2025-10-19,West,Home Office,Home & Kitchen,Storage Box,5,389.76,0.0,1948.8
ORD0038,2025-10-26,South,Corporate,Fashion,Sneakers,2,3413.68,0.05,6485.99
ORD0039,2025-07-22,North,Corporate,Home & Kitchen,Cookware Set,4,1716.65,0.0,6866.6
ORD0040,2025-11-15,South,Corporate,Electronics,Wireless Mouse,5,1222.14,0.05,5805.17
ORD0041,2025-02-05,East,Home Office,Home & Kitchen,Cookware Set,3,956.18,0.15,2438.26
ORD0042,2025-12-01,South,Corporate,Electronics,USB Hub,3,4671.43,0.0,14014.29
ORD0043,2025-03-01,South,Home Office,Electronics,USB Hub,2,1506.27,0.15,2560.66
ORD0044,2025-06-25,North,Home Office,Home & Kitchen,Cookware Set,5,2543.95,0.0,12719.75
ORD0045,2025-08-05,East,Consumer,Fashion,T-Shirt,1,1800.07,0.0,1800.07
ORD0046,2025-08-15,Central,Consumer,Beauty,Lip Balm,1,735.99,0.0,735.99
ORD0047,2025-07-09,North,Corporate,Home & Kitchen,Table Lamp,2,399.78,0.05,759.58
ORD0048,2025-04-18,Central,Home Office,Home & Kitchen,Coffee Maker,3,3943.56,0.1,10647.61
ORD0049,2025-03-21,South,Home Office,Home & Kitchen,Water Bottle,2,4429.8,0.0,8859.6
ORD0050,2025-06-20,West,Consumer,Beauty,Moisturizer,3,963.15,0.0,2889.45
ORD0051,2025-08-29,South,Consumer,Home & Kitchen,Water Bottle,4,1877.36,0.0,7509.44
ORD0052,2025-12-04,East,Corporate,Home & Kitchen,Table Lamp,3,1536.29,0.0,4608.87
ORD0053,2025-11-25,East,Consumer,Beauty,Lip Balm,3,4707.34,0.0,14122.02
ORD0054,2025-10-25,East,Corporate,Fashion,T-Shirt,1,3062.54,0.05,2909.41
ORD0055,2025-11-07,West,Consumer,Electronics,Headphones,5,1111.38,0.0,5556.9
ORD0056,2025-09-24,Central,Corporate,Home & Kitchen,Cookware Set,4,534.87,0.05,2032.51
ORD0057,2025-12-06,East,Corporate,Electronics,Bluetooth Speaker,5,1683.57,0.1,7576.07
ORD0058,2025-12-23,South,Home Office,Fashion,Jacket,2,1119.83,0.1,2015.69
ORD0059,2025-10-19,East,Consumer,Fashion,Backpack,5,4200.88,0.05,19954.18
ORD0060,2025-08-09,Central,Corporate,Fashion,Backpack,4,2321.37,0.0,9285.48
ORD0061,2025-03-28,East,Consumer,Electronics,Bluetooth Speaker,5,3385.5,0.15,14388.38
ORD0062,2025-05-01,South,Corporate,Fashion,Jeans,2,906.3,0.0,1812.6
ORD0063,2025-11-09,South,Home Office,Electronics,Headphones,4,4452.46,0.15,15138.36
ORD0064,2025-12-23,North,Corporate,Beauty,Perfume,4,1370.13,0.0,5480.52
ORD0065,2025-04-23,North,Corporate,Home & Kitchen,Storage Box,4,440.05,0.0,1760.2
ORD0066,2025-03-10,Central,Home Office,Beauty,Lip Balm,5,3057.17,0.1,13757.27
ORD0067,2025-09-16,West,Corporate,Beauty,Lip Balm,4,4505.6,0.1,16220.16
ORD0068,2025-05-07,West,Consumer,Fashion,Jacket,4,3207.39,0.05,12188.08
ORD0069,2025-05-27,North,Consumer,Home & Kitchen,Cookware Set,3,1733.61,0.15,4420.71
ORD0070,2025-03-19,West,Corporate,Home & Kitchen,Table Lamp,2,3589.81,0.0,7179.62
ORD0071,2025-06-19,West,Home Office,Beauty,Perfume,1,1191.81,0.1,1072.63
ORD0072,2025-12-23,East,Corporate,Electronics,USB Hub,4,2488.5,0.05,9456.3
ORD0073,2025-08-03,North,Corporate,Home & Kitchen,Table Lamp,2,1509.09,0.1,2716.36
ORD0074,2025-06-22,Central,Consumer,Beauty,Moisturizer,4,4612.8,0.15,15683.52
ORD0075,2025-07-21,South,Consumer,Electronics,Wireless Mouse,4,850.36,0.1,3061.3
ORD0076,2025-05-14,West,Corporate,Beauty,Shampoo,2,2381.56,0.05,4524.96
ORD0077,2025-08-04,North,Corporate,Fashion,T-Shirt,4,292.04,0.15,992.94
ORD0078,2025-04-25,North,Home Office,Electronics,Wireless Mouse,1,4757.14,0.0,4757.14
ORD0079,2025-03-20,South,Corporate,Home & Kitchen,Water Bottle,4,3412.4,0.15,11602.16
ORD0080,2025-12-25,South,Corporate,Fashion,Sneakers,2,3107.28,0.0,6214.56
ORD0081,2025-02-25,West,Home Office,Electronics,Bluetooth Speaker,5,3450.27,0.1,15526.21
ORD0082,2025-04-12,Central,Consumer,Electronics,USB Hub,2,688.13,0.05,1307.45
ORD0083,2025-10-17,North,Home Office,Electronics,Bluetooth Speaker,5,2255.21,0.05,10712.25
ORD0084,2025-11-28,West,Corporate,Fashion,T-Shirt,4,4146.19,0.0,16584.76
ORD0085,2025-11-22,East,Home Office,Beauty,Moisturizer,4,1044.46,0.15,3551.16
ORD0086,2025-10-03,East,Corporate,Beauty,Perfume,4,4162.53,0.15,14152.6
ORD0087,2025-05-06,Central,Home Office,Electronics,Bluetooth Speaker,4,1369.54,0.1,4930.34
ORD0088,2025-12-09,South,Corporate,Beauty,Shampoo,1,2571.67,0.05,2443.09
ORD0089,2025-04-19,East,Home Office,Fashion,Sneakers,3,1541.36,0.15,3930.47
ORD0090,2025-01-06,Central,Consumer,Home & Kitchen,Coffee Maker,2,3655.36,0.1,6579.65
ORD0091,2025-12-20,East,Consumer,Beauty,Perfume,4,4005.08,0.0,16020.32
ORD0092,2025-07-27,Central,Corporate,Home & Kitchen,Cookware Set,5,1970.3,0.15,8373.77
ORD0093,2025-08-06,South,Consumer,Fashion,Sneakers,4,1499.4,0.05,5697.72
ORD0094,2025-04-09,South,Consumer,Fashion,T-Shirt,5,4763.21,0.0,23816.05
ORD0095,2025-09-05,South,Corporate,Fashion,Jacket,5,3063.6,0.0,15318.0
ORD0096,2025-04-27,South,Corporate,Fashion,Jeans,3,266.91,0.15,680.62
ORD0097,2025-01-24,West,Consumer,Electronics,USB Hub,3,3546.6,0.0,10639.8
ORD0098,2025-01-07,North,Corporate,Fashion,Backpack,4,2313.25,0.0,9253.0
ORD0099,2025-09-02,North,Consumer,Electronics,Wireless Mouse,4,2559.38,0.15,8701.89
ORD0100,2025-03-18,Central,Home Office,Fashion,T-Shirt,2,767.57,0.1,1381.63
ORD0101,2025-11-13,East,Home Office,Home & Kitchen,Storage Box,4,2361.47,0.1,8501.29
ORD0102,2025-08-08,South,Home Office,Fashion,Jacket,5,488.11,0.0,2440.55
ORD0103,2025-04-19,North,Consumer,Fashion,T-Shirt,2,1350.35,0.15,2295.59
ORD0104,2025-01-02,South,Corporate,Beauty,Perfume,5,2454.58,0.0,12272.9
ORD0105,2025-12-28,Central,Home Office,Fashion,Backpack,1,3498.45,0.05,3323.53
ORD0106,2025-04-12,East,Consumer,Beauty,Face Wash,5,1278.09,0.0,6390.45
ORD0107,2025-02-06,East,Corporate,Electronics,Keyboard,3,3055.21,0.15,7790.79
ORD0108,2025-03-05,Central,Corporate,Beauty,Shampoo,4,4723.85,0.15,16061.09
ORD0109,2025-08-13,Central,Corporate,Electronics,USB Hub,1,4468.23,0.05,4244.82
ORD0110,2025-01-14,East,Home Office,Electronics,Keyboard,5,3017.19,0.0,15085.95
ORD0111,2025-01-21,South,Home Office,Home & Kitchen,Table Lamp,5,3326.25,0.05,15799.69
ORD0112,2025-08-12,East,Home Office,Beauty,Face Wash,4,1869.21,0.05,7103.0
ORD0113,2025-02-23,West,Home Office,Home & Kitchen,Cookware Set,4,3528.63,0.05,13408.79
ORD0114,2025-01-19,West,Home Office,Beauty,Face Wash,3,1410.51,0.0,4231.53
ORD0115,2025-01-01,Central,Corporate,Beauty,Perfume,1,1099.4,0.05,1044.43
ORD0116,2025-11-17,East,Corporate,Beauty,Face Wash,2,1480.87,0.0,2961.74
ORD0117,2025-12-24,South,Home Office,Beauty,Face Wash,1,4870.1,0.15,4139.59
ORD0118,2025-03-23,South,Consumer,Fashion,Jacket,1,2849.81,0.0,2849.81
ORD0119,2025-08-25,Central,Home Office,Electronics,Keyboard,4,4675.73,0.05,17767.77
ORD0120,2025-05-20,South,Corporate,Beauty,Perfume,4,1368.91,0.15,4654.29
ORD0121,2025-04-08,East,Home Office,Home & Kitchen,Coffee Maker,3,3907.84,0.1,10551.17
ORD0122,2025-05-17,West,Consumer,Electronics,Bluetooth Speaker,3,4218.88,0.15,10758.14
ORD0123,2025-08-17,West,Corporate,Beauty,Shampoo,3,2848.2,0.15,7262.91
ORD0124,2025-06-14,North,Corporate,Home & Kitchen,Water Bottle,5,2037.26,0.1,9167.67
ORD0125,2025-08-31,South,Home Office,Beauty,Perfume,2,2576.58,0.0,5153.16
ORD0126,2025-10-30,North,Home Office,Fashion,T-Shirt,4,677.62,0.1,2439.43
ORD0127,2025-03-15,East,Home Office,Beauty,Moisturizer,1,2452.55,0.05,2329.92
ORD0128,2025-12-21,West,Corporate,Beauty,Face Wash,3,4290.24,0.15,10940.11
ORD0129,2025-11-17,East,Consumer,Beauty,Lip Balm,1,3162.81,0.0,3162.81
ORD0130,2025-02-16,North,Consumer,Beauty,Face Wash,1,2328.66,0.05,2212.23
ORD0131,2025-06-16,South,Home Office,Electronics,Bluetooth Speaker,3,1998.24,0.0,5994.72
ORD0132,2025-07-30,Central,Home Office,Home & Kitchen,Water Bottle,2,578.05,0.1,1040.49
ORD0133,2025-05-04,West,Corporate,Beauty,Lip Balm,2,1313.5,0.05,2495.65
ORD0134,2025-12-08,North,Corporate,Electronics,Headphones,3,3451.53,0.0,10354.59
ORD0135,2025-06-26,South,Corporate,Fashion,Backpack,3,2391.81,0.05,6816.66
ORD0136,2025-09-05,East,Home Office,Electronics,Keyboard,4,2944.23,0.15,10010.38
ORD0137,2025-06-01,Central,Home Office,Electronics,Headphones,3,237.87,0.0,713.61
ORD0138,2025-09-12,South,Home Office,Fashion,Jeans,5,4048.27,0.0,20241.35
ORD0139,2025-05-09,North,Home Office,Home & Kitchen,Coffee Maker,1,1681.88,0.1,1513.69
ORD0140,2025-07-06,South,Consumer,Home & Kitchen,Coffee Maker,3,1767.25,0.1,4771.57
ORD0141,2025-03-09,East,Corporate,Fashion,Jacket,5,4583.74,0.0,22918.7
ORD0142,2025-06-01,South,Home Office,Fashion,T-Shirt,4,4820.89,0.0,19283.56
ORD0143,2025-12-12,North,Corporate,Beauty,Lip Balm,3,632.45,0.1,1707.62
ORD0144,2025-10-02,Central,Corporate,Electronics,Headphones,3,3428.58,0.05,9771.45
ORD0145,2025-11-23,Central,Corporate,Fashion,T-Shirt,2,2462.09,0.15,4185.55
ORD0146,2025-11-09,West,Consumer,Home & Kitchen,Coffee Maker,4,4564.06,0.05,17343.43
ORD0147,2025-03-13,North,Consumer,Electronics,Wireless Mouse,3,4979.45,0.0,14938.35
ORD0148,2025-10-03,West,Home Office,Home & Kitchen,Table Lamp,4,1979.86,0.15,6731.52
ORD0149,2025-03-21,North,Home Office,Beauty,Face Wash,4,3154.13,0.05,11985.69
ORD0150,2025-07-09,North,Home Office,Home & Kitchen,Table Lamp,4,4761.66,0.05,18094.31
ORD0151,2025-07-08,West,Consumer,Fashion,T-Shirt,4,1523.23,0.0,6092.92
ORD0152,2025-12-06,South,Consumer,Home & Kitchen,Storage Box,1,441.78,0.05,419.69
ORD0153,2025-10-17,South,Corporate,Home & Kitchen,Coffee Maker,5,1193.36,0.0,5966.8
ORD0154,2025-03-17,East,Consumer,Electronics,Bluetooth Speaker,2,4939.13,0.15,8396.52
ORD0155,2025-02-26,Central,Corporate,Electronics,Keyboard,1,1918.56,0.0,1918.56
ORD0156,2025-01-09,Central,Consumer,Home & Kitchen,Cookware Set,1,807.44,0.1,726.7
ORD0157,2025-02-02,West,Home Office,Beauty,Perfume,3,2662.54,0.0,7987.62
ORD0158,2025-04-24,North,Corporate,Electronics,USB Hub,3,2397.6,0.0,7192.8
ORD0159,2025-07-25,North,Consumer,Beauty,Face Wash,4,3618.53,0.1,13026.71
ORD0160,2025-06-14,Central,Home Office,Home & Kitchen,Coffee Maker,2,1519.08,0.15,2582.44
ORD0161,2025-06-16,Central,Corporate,Beauty,Lip Balm,5,1614.51,0.15,6861.67
ORD0162,2025-02-20,West,Corporate,Electronics,USB Hub,2,2263.34,0.0,4526.68
ORD0163,2025-08-21,East,Corporate,Beauty,Perfume,1,1699.23,0.05,1614.27
ORD0164,2025-03-20,West,Consumer,Beauty,Face Wash,1,4191.51,0.0,4191.51
ORD0165,2025-07-10,Central,Corporate,Home & Kitchen,Storage Box,1,3014.03,0.15,2561.93
ORD0166,2025-12-10,North,Corporate,Electronics,Headphones,3,4392.32,0.1,11859.26
ORD0167,2025-11-04,South,Home Office,Fashion,Sneakers,1,2973.01,0.0,2973.01
ORD0168,2025-09-04,North,Corporate,Home & Kitchen,Coffee Maker,3,4256.79,0.05,12131.85
ORD0169,2025-10-21,Central,Home Office,Home & Kitchen,Table Lamp,5,4876.82,0.15,20726.48
ORD0170,2025-11-26,East,Corporate,Electronics,USB Hub,3,337.98,0.05,963.24
ORD0171,2025-06-29,North,Consumer,Electronics,Keyboard,2,2917.34,0.1,5251.21
ORD0172,2025-11-21,West,Corporate,Electronics,Wireless Mouse,5,1231.64,0.1,5542.38
ORD0173,2025-03-22,Central,Consumer,Fashion,Sneakers,3,3927.81,0.15,10015.92
ORD0174,2025-01-27,East,Corporate,Home & Kitchen,Water Bottle,5,437.86,0.0,2189.3
ORD0175,2025-12-05,South,Home Office,Beauty,Perfume,5,2320.81,0.05,11023.85
ORD0176,2025-02-28,West,Home Office,Fashion,Backpack,1,1558.58,0.15,1324.79
ORD0177,2025-12-08,North,Consumer,Fashion,T-Shirt,2,2096.26,0.15,3563.64
ORD0178,2025-04-15,East,Consumer,Fashion,Jeans,2,3866.97,0.05,7347.24
ORD0179,2025-01-04,South,Home Office,Beauty,Perfume,2,819.09,0.15,1392.45
ORD0180,2025-10-14,West,Consumer,Fashion,T-Shirt,4,4335.47,0.0,17341.88
ORD0181,2025-08-24,West,Corporate,Electronics,Bluetooth Speaker,5,2259.56,0.1,10168.02
ORD0182,2025-02-28,West,Home Office,Beauty,Face Wash,3,1023.99,0.15,2611.17
ORD0183,2025-07-05,West,Home Office,Electronics,Headphones,1,1366.92,0.15,1161.88
ORD0184,2025-02-10,North,Home Office,Beauty,Shampoo,3,1262.55,0.0,3787.65
ORD0185,2025-11-21,East,Home Office,Electronics,USB Hub,5,1129.74,0.05,5366.26
ORD0186,2025-11-27,South,Home Office,Home & Kitchen,Water Bottle,1,901.93,0.0,901.93
ORD0187,2025-03-20,Central,Corporate,Electronics,Keyboard,4,2425.97,0.15,8248.3
ORD0188,2025-12-15,West,Home Office,Fashion,Sneakers,2,2309.86,0.1,4157.75
ORD0189,2025-06-05,East,Corporate,Fashion,Jacket,1,1888.32,0.0,1888.32
ORD0190,2025-08-20,North,Home Office,Electronics,Wireless Mouse,3,4191.14,0.0,12573.42
ORD0191,2025-11-01,West,Home Office,Beauty,Perfume,5,2859.72,0.0,14298.6
ORD0192,2025-11-30,North,Corporate,Home & Kitchen,Cookware Set,5,2482.02,0.0,12410.1
ORD0193,2025-02-22,South,Home Office,Fashion,T-Shirt,5,3300.41,0.0,16502.05
ORD0194,2025-08-13,East,Corporate,Beauty,Lip Balm,5,3126.07,0.05,14848.83
ORD0195,2025-07-18,North,Corporate,Beauty,Shampoo,5,450.35,0.05,2139.16
ORD0196,2025-02-18,South,Corporate,Beauty,Shampoo,3,3672.92,0.15,9365.95
ORD0197,2025-02-11,South,Home Office,Home & Kitchen,Cookware Set,3,4843.94,0.1,13078.64
ORD0198,2025-12-29,South,Home Office,Electronics,Bluetooth Speaker,5,2007.06,0.05,9533.53
ORD0199,2025-12-26,East,Consumer,Electronics,Headphones,5,1935.77,0.05,9194.91
ORD0200,2025-04-20,South,Consumer,Fashion,Backpack,2,1286.41,0.0,2572.82
ORD0201,2025-06-01,North,Home Office,Electronics,USB Hub,5,4207.58,0.15,17882.22
ORD0202,2025-06-22,Central,Consumer,Home & Kitchen,Storage Box,4,939.41,0.0,3757.64
ORD0203,2025-08-13,West,Home Office,Electronics,Headphones,3,3445.54,0.0,10336.62
ORD0204,2025-05-26,South,Corporate,Beauty,Moisturizer,5,1347.01,0.1,6061.55
ORD0205,2025-12-14,Central,Corporate,Beauty,Perfume,3,3934.0,0.15,10031.7
ORD0206,2025-03-24,West,Corporate,Home & Kitchen,Storage Box,2,4389.41,0.0,8778.82
ORD0207,2025-10-11,East,Corporate,Electronics,USB Hub,1,1567.3,0.0,1567.3
ORD0208,2025-09-20,West,Corporate,Home & Kitchen,Table Lamp,1,4741.78,0.0,4741.78
ORD0209,2025-01-14,West,Consumer,Beauty,Face Wash,4,2608.63,0.0,10434.52
ORD0210,2025-07-11,South,Consumer,Home & Kitchen,Coffee Maker,3,4666.96,0.05,13300.84
ORD0211,2025-01-20,West,Home Office,Fashion,Backpack,2,3841.44,0.1,6914.59
ORD0212,2025-01-03,Central,Home Office,Electronics,Wireless Mouse,3,1234.14,0.0,3702.42
ORD0213,2025-11-08,North,Consumer,Beauty,Face Wash,3,1339.67,0.0,4019.01
ORD0214,2025-08-03,Central,Home Office,Beauty,Face Wash,1,4215.1,0.1,3793.59
ORD0215,2025-01-09,East,Consumer,Home & Kitchen,Water Bottle,3,2259.35,0.15,5761.34
ORD0216,2025-10-20,North,Home Office,Beauty,Moisturizer,1,2711.73,0.05,2576.14
ORD0217,2025-10-06,East,Corporate,Electronics,Headphones,4,407.97,0.1,1468.69
ORD0218,2025-01-09,Central,Home Office,Fashion,T-Shirt,3,1356.4,0.0,4069.2
ORD0219,2025-06-20,West,Home Office,Home & Kitchen,Coffee Maker,3,2819.87,0.0,8459.61
ORD0220,2025-09-03,North,Corporate,Home & Kitchen,Water Bottle,1,3636.02,0.1,3272.42
ORD0221,2025-04-14,Central,Corporate,Electronics,Keyboard,1,1713.86,0.05,1628.17
ORD0222,2025-10-06,East,Corporate,Beauty,Shampoo,1,3814.8,0.0,3814.8
ORD0223,2025-01-25,West,Home Office,Fashion,Sneakers,1,4035.84,0.1,3632.26
ORD0224,2025-08-14,East,Home Office,Beauty,Shampoo,2,2580.78,0.1,4645.4
ORD0225,2025-05-17,Central,Corporate,Electronics,Headphones,1,2265.91,0.0,2265.91
ORD0226,2025-06-14,West,Home Office,Electronics,Wireless Mouse,3,3371.41,0.05,9608.52
ORD0227,2025-08-07,Central,Corporate,Home & Kitchen,Table Lamp,3,2345.22,0.05,6683.88
ORD0228,2025-05-21,North,Consumer,Electronics,Wireless Mouse,4,1942.89,0.0,7771.56
ORD0229,2025-11-08,East,Corporate,Beauty,Face Wash,2,521.72,0.05,991.27
ORD0230,2025-10-18,East,Corporate,Electronics,USB Hub,2,3458.5,0.05,6571.15
ORD0231,2025-02-09,South,Consumer,Home & Kitchen,Storage Box,3,2109.56,0.05,6012.25
ORD0232,2025-01-14,North,Corporate,Home & Kitchen,Table Lamp,5,2056.54,0.15,8740.3
ORD0233,2025-05-14,South,Consumer,Beauty,Moisturizer,5,1569.77,0.1,7063.97
ORD0234,2025-03-11,North,Home Office,Electronics,Headphones,2,4512.66,0.1,8122.79
ORD0235,2025-06-13,South,Home Office,Fashion,T-Shirt,5,2801.42,0.05,13306.74
ORD0236,2025-12-30,South,Consumer,Home & Kitchen,Cookware Set,5,1275.36,0.0,6376.8
ORD0237,2025-09-10,Central,Consumer,Electronics,Bluetooth Speaker,5,2945.93,0.1,13256.68
ORD0238,2025-11-10,Central,Corporate,Electronics,Wireless Mouse,3,2110.17,0.1,5697.46
ORD0239,2025-07-29,West,Home Office,Electronics,Keyboard,3,3282.23,0.1,8862.02
ORD0240,2025-09-22,South,Corporate,Fashion,Jeans,5,3270.01,0.0,16350.05
ORD0241,2025-09-15,South,Corporate,Electronics,Wireless Mouse,5,933.47,0.0,4667.35
ORD0242,2025-12-30,East,Consumer,Home & Kitchen,Cookware Set,5,4494.64,0.0,22473.2
ORD0243,2025-11-22,Central,Home Office,Fashion,Jeans,3,3148.26,0.0,9444.78
ORD0244,2025-03-28,East,Home Office,Home & Kitchen,Water Bottle,5,3658.04,0.15,15546.67
ORD0245,2025-01-22,East,Home Office,Electronics,Wireless Mouse,1,4752.02,0.15,4039.22
ORD0246,2025-04-18,East,Home Office,Beauty,Lip Balm,1,2589.58,0.15,2201.14
ORD0247,2025-06-04,North,Consumer,Beauty,Moisturizer,4,1626.68,0.0,6506.72
ORD0248,2025-08-14,South,Corporate,Beauty,Perfume,4,1178.31,0.15,4006.25
ORD0249,2025-06-13,Central,Consumer,Fashion,Backpack,2,3850.19,0.15,6545.32
ORD0250,2025-06-13,South,Consumer,Home & Kitchen,Table Lamp,1,1482.86,0.0,1482.86
ORD0251,2025-01-26,East,Home Office,Fashion,Backpack,5,2206.05,0.0,11030.25
ORD0252,2025-06-10,West,Corporate,Home & Kitchen,Water Bottle,4,4979.65,0.1,17926.74
ORD0253,2025-09-12,South,Home Office,Electronics,Wireless Mouse,4,2625.13,0.0,10500.52
ORD0254,2025-06-30,East,Home Office,Electronics,Wireless Mouse,3,2574.49,0.1,6951.12
ORD0255,2025-01-05,West,Corporate,Electronics,Headphones,2,4434.79,0.05,8426.1
ORD0256,2025-01-24,Central,Corporate,Beauty,Face Wash,5,2895.72,0.05,13754.67
ORD0257,2025-02-07,Central,Home Office,Beauty,Lip Balm,4,3868.14,0.05,14698.93
ORD0258,2025-11-09,Central,Corporate,Electronics,Keyboard,1,2089.74,0.05,1985.25
ORD0259,2025-03-15,North,Consumer,Home & Kitchen,Storage Box,5,2125.66,0.0,10628.3
ORD0260,2025-03-12,Central,Consumer,Fashion,Backpack,5,2392.55,0.15,10168.34
ORD0261,2025-06-17,Central,Corporate,Fashion,Jeans,4,4953.96,0.05,18825.05
ORD0262,2025-09-17,East,Corporate,Beauty,Lip Balm,3,2478.48,0.0,7435.44
ORD0263,2025-12-11,Central,Corporate,Electronics,Headphones,5,1675.85,0.0,8379.25
ORD0264,2025-05-16,Central,Corporate,Home & Kitchen,Coffee Maker,5,2505.15,0.15,10646.89
ORD0265,2025-03-17,South,Consumer,Home & Kitchen,Coffee Maker,5,4750.38,0.0,23751.9
ORD0266,2025-08-14,West,Home Office,Fashion,Backpack,2,2181.21,0.0,4362.42
ORD0267,2025-11-10,East,Home Office,Beauty,Face Wash,2,2688.68,0.15,4570.76
ORD0268,2025-09-02,East,Home Office,Beauty,Shampoo,2,2405.38,0.15,4089.15
ORD0269,2025-07-01,East,Home Office,Fashion,Jacket,4,1121.87,0.0,4487.48
ORD0270,2025-06-02,East,Corporate,Home & Kitchen,Cookware Set,3,3582.52,0.1,9672.8
ORD0271,2025-06-28,West,Corporate,Fashion,Sneakers,1,2951.69,0.15,2508.94
ORD0272,2025-06-26,East,Corporate,Home & Kitchen,Cookware Set,1,1579.63,0.0,1579.63
ORD0273,2025-12-02,East,Home Office,Fashion,Backpack,2,1168.93,0.15,1987.18
ORD0274,2025-12-23,South,Consumer,Fashion,Jeans,1,3154.25,0.15,2681.11
ORD0275,2025-01-26,West,Consumer,Home & Kitchen,Water Bottle,1,679.95,0.05,645.95
ORD0276,2025-12-15,West,Home Office,Home & Kitchen,Coffee Maker,5,4892.97,0.0,24464.85
ORD0277,2025-09-01,North,Home Office,Beauty,Moisturizer,3,1740.6,0.0,5221.8
ORD0278,2025-10-21,West,Consumer,Home & Kitchen,Storage Box,1,4582.5,0.0,4582.5
ORD0279,2025-01-19,North,Consumer,Beauty,Perfume,2,4694.72,0.05,8919.97
ORD0280,2025-06-02,Central,Corporate,Electronics,Bluetooth Speaker,3,2379.88,0.15,6068.69
ORD0281,2025-03-10,South,Home Office,Beauty,Shampoo,2,4081.31,0.05,7754.49
ORD0282,2025-08-23,Central,Home Office,Fashion,Jeans,1,3734.77,0.05,3548.03
ORD0283,2025-04-09,East,Consumer,Home & Kitchen,Storage Box,4,4168.55,0.15,14173.07
ORD0284,2025-07-25,North,Corporate,Electronics,Keyboard,2,2490.78,0.0,4981.56
ORD0285,2025-07-16,Central,Home Office,Home & Kitchen,Table Lamp,3,4778.37,0.05,13618.35
ORD0286,2025-10-21,North,Corporate,Electronics,Bluetooth Speaker,3,3524.29,0.0,10572.87
ORD0287,2025-06-07,North,Home Office,Home & Kitchen,Table Lamp,5,4629.91,0.05,21992.07
ORD0288,2025-06-01,West,Consumer,Fashion,Jacket,2,1250.82,0.0,2501.64
ORD0289,2025-08-21,South,Consumer,Fashion,Backpack,5,4580.43,0.15,19466.83
ORD0290,2025-12-15,North,Home Office,Electronics,USB Hub,4,2734.23,0.05,10390.07
ORD0291,2025-02-27,South,Consumer,Electronics,USB Hub,5,1169.35,0.15,4969.74
ORD0292,2025-06-17,North,Home Office,Beauty,Face Wash,2,3640.21,0.1,6552.38
ORD0293,2025-08-17,Central,Consumer,Electronics,Headphones,2,2662.59,0.1,4792.66
ORD0294,2025-10-14,South,Home Office,Beauty,Shampoo,1,2099.55,0.0,2099.55
ORD0295,2025-02-07,North,Consumer,Electronics,Headphones,3,3560.85,0.15,9080.17
ORD0296,2025-08-30,West,Corporate,Electronics,Bluetooth Speaker,4,1062.91,0.0,4251.64
ORD0297,2025-07-15,South,Home Office,Beauty,Perfume,4,584.2,0.15,1986.28
ORD0298,2025-06-28,South,Consumer,Electronics,Keyboard,5,2085.68,0.0,10428.4
ORD0299,2025-01-12,South,Consumer,Fashion,Backpack,5,2234.81,0.1,10056.65
ORD0300,2025-08-24,North,Home Office,Fashion,Jeans,3,1103.71,0.0,3311.13
ORD0301,2025-08-03,North,Corporate,Electronics,Keyboard,2,522.0,0.15,887.4
ORD0302,2025-11-03,Central,Consumer,Electronics,Keyboard,1,2129.87,0.0,2129.87
ORD0303,2025-01-29,East,Home Office,Home & Kitchen,Storage Box,3,1322.98,0.15,3373.6
ORD0304,2025-11-03,South,Corporate,Fashion,Jeans,3,4405.04,0.15,11232.85
ORD0305,2025-06-03,West,Home Office,Fashion,T-Shirt,5,4751.9,0.0,23759.5
ORD0306,2025-09-11,West,Corporate,Electronics,Bluetooth Speaker,4,3970.86,0.05,15089.27
ORD0307,2025-03-18,South,Consumer,Fashion,Backpack,2,3820.2,0.1,6876.36
ORD0308,2025-06-03,Central,Home Office,Home & Kitchen,Table Lamp,1,2898.45,0.1,2608.61
ORD0309,2025-03-10,West,Corporate,Beauty,Moisturizer,3,1175.02,0.0,3525.06
ORD0310,2025-02-17,Central,Consumer,Home & Kitchen,Coffee Maker,3,2009.41,0.15,5124.0
ORD0311,2025-02-07,East,Corporate,Home & Kitchen,Storage Box,5,1240.68,0.0,6203.4
ORD0312,2025-01-08,South,Home Office,Home & Kitchen,Water Bottle,1,3784.02,0.1,3405.62
ORD0313,2025-11-06,West,Corporate,Home & Kitchen,Table Lamp,2,2848.98,0.05,5413.06
ORD0314,2025-10-01,West,Consumer,Fashion,Sneakers,3,1925.29,0.1,5198.28
ORD0315,2025-08-29,Central,Consumer,Fashion,Jeans,3,1701.03,0.0,5103.09
ORD0316,2025-03-16,West,Corporate,Electronics,Bluetooth Speaker,5,4685.84,0.15,19914.82
ORD0317,2025-03-20,West,Home Office,Home & Kitchen,Cookware Set,2,2022.23,0.0,4044.46
ORD0318,2025-12-02,West,Consumer,Fashion,Sneakers,4,4838.24,0.1,17417.66
ORD0319,2025-06-30,North,Home Office,Home & Kitchen,Water Bottle,5,2542.92,0.15,10807.41
ORD0320,2025-01-18,North,Home Office,Electronics,Wireless Mouse,1,2178.48,0.0,2178.48
ORD0321,2025-03-19,Central,Home Office,Electronics,Keyboard,5,2387.85,0.0,11939.25
ORD0322,2025-12-08,West,Consumer,Beauty,Perfume,1,230.74,0.15,196.13
ORD0323,2025-01-09,South,Consumer,Fashion,Jacket,3,281.28,0.1,759.46
ORD0324,2025-02-19,East,Corporate,Home & Kitchen,Water Bottle,2,3173.95,0.05,6030.5
ORD0325,2025-07-23,South,Corporate,Electronics,Bluetooth Speaker,4,2402.19,0.0,9608.76
ORD0326,2025-12-17,Central,Corporate,Electronics,Wireless Mouse,1,2144.34,0.1,1929.91
ORD0327,2025-01-29,East,Home Office,Electronics,Keyboard,1,2598.32,0.1,2338.49
ORD0328,2025-02-18,West,Corporate,Electronics,Keyboard,2,4525.11,0.15,7692.69
ORD0329,2025-01-24,South,Corporate,Electronics,Bluetooth Speaker,5,2903.85,0.0,14519.25
ORD0330,2025-01-09,North,Corporate,Home & Kitchen,Storage Box,2,3809.82,0.1,6857.68
ORD0331,2025-03-25,East,Corporate,Home & Kitchen,Storage Box,4,3448.77,0.15,11725.82
ORD0332,2025-03-13,South,Consumer,Electronics,USB Hub,3,456.74,0.1,1233.2
ORD0333,2025-06-24,West,Consumer,Beauty,Shampoo,1,3242.79,0.1,2918.51
ORD0334,2025-07-02,North,Home Office,Beauty,Perfume,2,3461.54,0.1,6230.77
ORD0335,2025-06-01,South,Home Office,Home & Kitchen,Coffee Maker,1,1485.27,0.1,1336.74
ORD0336,2025-07-19,West,Corporate,Fashion,Sneakers,1,638.3,0.05,606.38
ORD0337,2025-05-19,Central,Home Office,Electronics,Keyboard,1,1098.48,0.1,988.63
ORD0338,2025-09-20,North,Home Office,Beauty,Face Wash,1,629.17,0.15,534.79
ORD0339,2025-11-03,North,Home Office,Fashion,Backpack,1,1599.87,0.1,1439.88
ORD0340,2025-10-14,South,Consumer,Home & Kitchen,Storage Box,5,1013.0,0.1,4558.5
ORD0341,2025-05-18,West,Corporate,Fashion,Sneakers,4,899.49,0.0,3597.96
ORD0342,2025-08-04,West,Home Office,Fashion,Backpack,1,1932.4,0.0,1932.4
ORD0343,2025-11-12,West,Corporate,Home & Kitchen,Table Lamp,1,849.35,0.0,849.35
ORD0344,2025-11-14,South,Corporate,Beauty,Shampoo,4,1805.73,0.15,6139.48
ORD0345,2025-06-14,East,Corporate,Home & Kitchen,Table Lamp,3,1051.66,0.1,2839.48
ORD0346,2025-12-22,West,Corporate,Beauty,Lip Balm,2,1763.25,0.05,3350.17
ORD0347,2025-02-28,North,Home Office,Home & Kitchen,Storage Box,5,1062.65,0.15,4516.26
ORD0348,2025-08-25,West,Home Office,Home & Kitchen,Table Lamp,3,4189.15,0.0,12567.45
ORD0349,2025-09-13,West,Corporate,Home & Kitchen,Cookware Set,2,1411.87,0.0,2823.74
ORD0350,2025-02-07,Central,Home Office,Beauty,Lip Balm,4,2993.77,0.15,10178.82
ORD0351,2025-08-03,North,Consumer,Electronics,Bluetooth Speaker,5,3049.34,0.0,15246.7
ORD0352,2025-12-03,East,Corporate,Fashion,Jeans,5,411.62,0.1,1852.29
ORD0353,2025-02-24,Central,Home Office,Electronics,Wireless Mouse,3,1264.61,0.15,3224.76
ORD0354,2025-12-19,Central,Consumer,Home & Kitchen,Table Lamp,3,2076.44,0.15,5294.92
ORD0355,2025-06-26,North,Home Office,Electronics,Headphones,1,1617.07,0.0,1617.07
ORD0356,2025-03-14,Central,Corporate,Fashion,Sneakers,3,2384.6,0.0,7153.8
ORD0357,2025-06-28,East,Consumer,Beauty,Face Wash,4,3664.57,0.1,13192.45
ORD0358,2025-06-03,South,Home Office,Electronics,Wireless Mouse,1,4275.06,0.0,4275.06
ORD0359,2025-05-05,West,Consumer,Home & Kitchen,Storage Box,2,1787.75,0.1,3217.95
ORD0360,2025-07-27,South,Corporate,Home & Kitchen,Water Bottle,4,2097.8,0.15,7132.52
ORD0361,2025-10-31,East,Home Office,Beauty,Perfume,1,3581.73,0.0,3581.73
ORD0362,2025-02-02,West,Consumer,Electronics,USB Hub,2,1954.81,0.0,3909.62
ORD0363,2025-05-15,West,Home Office,Beauty,Lip Balm,3,3064.46,0.15,7814.37
ORD0364,2025-02-28,Central,Home Office,Fashion,Sneakers,4,3162.34,0.05,12016.89
ORD0365,2025-02-13,South,Corporate,Home & Kitchen,Cookware Set,1,1344.15,0.0,1344.15
ORD0366,2025-12-22,Central,Corporate,Home & Kitchen,Storage Box,4,2206.55,0.0,8826.2
ORD0367,2025-08-05,Central,Consumer,Home & Kitchen,Table Lamp,5,3527.48,0.0,17637.4
ORD0368,2025-09-08,Central,Consumer,Fashion,Jeans,2,1708.98,0.1,3076.16
ORD0369,2025-07-03,Central,Home Office,Electronics,Headphones,2,1135.62,0.1,2044.12
ORD0370,2025-12-01,West,Consumer,Beauty,Perfume,4,2194.03,0.1,7898.51
ORD0371,2025-02-12,Central,Corporate,Electronics,Keyboard,3,355.94,0.0,1067.82
ORD0372,2025-03-28,Central,Consumer,Beauty,Lip Balm,4,2837.69,0.0,11350.76
ORD0373,2025-05-18,Central,Consumer,Fashion,Jacket,1,3847.02,0.1,3462.32
ORD0374,2025-08-06,West,Corporate,Electronics,Keyboard,3,4398.09,0.0,13194.27
ORD0375,2025-06-28,South,Home Office,Electronics,Headphones,1,3922.03,0.0,3922.03
ORD0376,2025-10-29,South,Consumer,Fashion,Jacket,4,995.71,0.0,3982.84
ORD0377,2025-01-31,East,Home Office,Fashion,Jacket,3,3063.92,0.0,9191.76
ORD0378,2025-05-30,North,Consumer,Fashion,Jacket,3,4770.51,0.15,12164.8
ORD0379,2025-07-30,South,Consumer,Electronics,Bluetooth Speaker,2,3565.85,0.0,7131.7
ORD0380,2025-12-31,East,Home Office,Fashion,Jeans,4,2548.4,0.15,8664.56
ORD0381,2025-08-01,West,Home Office,Beauty,Perfume,1,3240.41,0.0,3240.41
ORD0382,2025-05-23,North,Home Office,Fashion,Backpack,4,1769.99,0.0,7079.96
ORD0383,2025-08-23,South,Corporate,Fashion,T-Shirt,5,2108.04,0.1,9486.18
ORD0384,2025-05-18,Central,Corporate,Fashion,Sneakers,3,2826.09,0.0,8478.27
ORD0385,2025-06-25,North,Consumer,Electronics,Wireless Mouse,1,3204.66,0.1,2884.19
ORD0386,2025-03-22,South,Home Office,Beauty,Perfume,1,4959.82,0.1,4463.84
ORD0387,2025-03-09,East,Consumer,Fashion,Jeans,3,647.03,0.05,1844.04
ORD0388,2025-07-10,West,Home Office,Home & Kitchen,Coffee Maker,4,3201.9,0.0,12807.6
ORD0389,2025-02-16,Central,Consumer,Electronics,Wireless Mouse,2,2487.67,0.0,4975.34
ORD0390,2025-09-23,West,Home Office,Beauty,Face Wash,1,3537.87,0.0,3537.87
ORD0391,2025-03-09,North,Corporate,Beauty,Face Wash,2,2037.74,0.0,4075.48
ORD0392,2025-07-08,South,Consumer,Fashion,Jeans,4,3911.61,0.0,15646.44
ORD0393,2025-09-29,South,Corporate,Electronics,USB Hub,2,2311.48,0.0,4622.96
ORD0394,2025-11-12,North,Home Office,Beauty,Moisturizer,1,4502.65,0.0,4502.65
ORD0395,2025-07-16,East,Home Office,Fashion,Backpack,3,3996.17,0.0,11988.51
ORD0396,2025-02-13,East,Home Office,Home & Kitchen,Storage Box,5,3079.04,0.15,13085.92
ORD0397,2025-01-14,West,Corporate,Fashion,Jeans,5,3112.25,0.0,15561.25
ORD0398,2025-11-27,West,Home Office,Electronics,Keyboard,4,2051.25,0.0,8205.0
ORD0399,2025-11-01,South,Corporate,Electronics,USB Hub,1,4936.04,0.05,4689.24
ORD0400,2025-10-19,North,Consumer,Beauty,Shampoo,5,3477.12,0.1,15647.04
ORD0401,2025-10-28,West,Home Office,Electronics,Wireless Mouse,3,1234.57,0.0,3703.71
ORD0402,2025-05-27,Central,Home Office,Beauty,Perfume,4,594.65,0.15,2021.81
ORD0403,2025-03-20,South,Home Office,Fashion,T-Shirt,3,578.3,0.0,1734.9
ORD0404,2025-06-17,South,Consumer,Beauty,Lip Balm,1,1687.81,0.1,1519.03
ORD0405,2025-05-06,North,Corporate,Electronics,Headphones,1,2375.18,0.15,2018.9
ORD0406,2025-12-08,South,Corporate,Home & Kitchen,Coffee Maker,1,3596.92,0.0,3596.92
ORD0407,2025-06-27,North,Consumer,Fashion,Jeans,3,808.27,0.05,2303.57
ORD0408,2025-06-21,North,Corporate,Beauty,Shampoo,5,505.59,0.15,2148.76
ORD0409,2025-08-22,East,Consumer,Fashion,T-Shirt,4,4323.93,0.0,17295.72
ORD0410,2025-05-11,North,Consumer,Electronics,USB Hub,1,1295.34,0.15,1101.04
ORD0411,2025-01-07,South,Consumer,Home & Kitchen,Coffee Maker,4,1946.09,0.0,7784.36
ORD0412,2025-10-11,East,Consumer,Beauty,Moisturizer,3,1390.66,0.05,3963.38
ORD0413,2025-10-20,South,Consumer,Fashion,T-Shirt,5,3430.96,0.0,17154.8
ORD0414,2025-09-22,East,Corporate,Electronics,Headphones,1,4408.56,0.05,4188.13
ORD0415,2025-02-14,East,Home Office,Beauty,Face Wash,3,1162.22,0.15,2963.66
ORD0416,2025-11-15,South,Home Office,Home & Kitchen,Table Lamp,3,3039.12,0.1,8205.62
ORD0417,2025-10-07,South,Home Office,Home & Kitchen,Water Bottle,1,4674.51,0.0,4674.51
ORD0418,2025-06-27,East,Consumer,Electronics,Bluetooth Speaker,1,3841.86,0.1,3457.67
ORD0419,2025-04-16,East,Consumer,Home & Kitchen,Table Lamp,4,4812.69,0.0,19250.76
ORD0420,2025-01-23,West,Home Office,Home & Kitchen,Storage Box,4,3563.07,0.05,13539.67
ORD0421,2025-02-13,North,Home Office,Electronics,USB Hub,2,3257.64,0.1,5863.75
ORD0422,2025-10-18,East,Corporate,Electronics,Headphones,2,1335.5,0.05,2537.45
ORD0423,2025-12-25,South,Consumer,Fashion,Sneakers,4,1504.39,0.0,6017.56
ORD0424,2025-10-27,East,Corporate,Electronics,Keyboard,1,988.0,0.1,889.2
ORD0425,2025-03-03,North,Consumer,Fashion,Jeans,4,1678.88,0.05,6379.74
ORD0426,2025-03-22,South,Consumer,Fashion,Jacket,1,1231.1,0.05,1169.54
ORD0427,2025-12-31,East,Consumer,Home & Kitchen,Cookware Set,4,2663.61,0.05,10121.72
ORD0428,2025-01-16,North,Corporate,Beauty,Perfume,5,3789.78,0.0,18948.9
ORD0429,2025-02-22,South,Consumer,Home & Kitchen,Coffee Maker,1,495.01,0.0,495.01
ORD0430,2025-07-25,North,Consumer,Fashion,T-Shirt,5,3012.37,0.0,15061.85
ORD0431,2025-04-12,North,Consumer,Beauty,Moisturizer,1,4543.37,0.05,4316.2
ORD0432,2025-08-25,West,Consumer,Electronics,Keyboard,5,2278.15,0.1,10251.68
ORD0433,2025-07-15,East,Corporate,Beauty,Moisturizer,3,1229.64,0.0,3688.92
ORD0434,2025-08-17,East,Corporate,Home & Kitchen,Coffee Maker,5,3171.05,0.0,15855.25
ORD0435,2025-07-30,West,Consumer,Beauty,Face Wash,1,1541.92,0.0,1541.92
ORD0436,2025-11-26,West,Home Office,Home & Kitchen,Storage Box,1,4948.14,0.05,4700.73
ORD0437,2025-09-06,South,Consumer,Fashion,Jacket,5,1742.7,0.05,8277.82
ORD0438,2025-06-13,Central,Corporate,Home & Kitchen,Coffee Maker,3,480.24,0.1,1296.65
ORD0439,2025-10-27,East,Home Office,Home & Kitchen,Water Bottle,1,1388.71,0.0,1388.71
ORD0440,2025-01-29,South,Consumer,Home & Kitchen,Storage Box,4,1902.06,0.0,7608.24
ORD0441,2025-10-31,Central,Home Office,Fashion,Sneakers,5,334.39,0.05,1588.35
ORD0442,2025-03-14,North,Consumer,Home & Kitchen,Table Lamp,5,1682.45,0.1,7571.03
ORD0443,2025-01-29,North,Corporate,Home & Kitchen,Storage Box,2,294.65,0.1,530.37
ORD0444,2025-11-11,North,Consumer,Home & Kitchen,Water Bottle,3,3640.3,0.05,10374.86
ORD0445,2025-03-17,East,Home Office,Home & Kitchen,Coffee Maker,5,4330.21,0.0,21651.05
ORD0446,2025-12-06,South,Consumer,Beauty,Lip Balm,1,1814.49,0.05,1723.77
ORD0447,2025-08-12,Central,Corporate,Beauty,Shampoo,2,3593.48,0.15,6108.92
ORD0448,2025-04-25,South,Consumer,Home & Kitchen,Table Lamp,3,3722.18,0.05,10608.21
ORD0449,2025-01-01,Central,Consumer,Beauty,Lip Balm,1,1072.99,0.05,1019.34
ORD0450,2025-11-24,South,Corporate,Electronics,Headphones,2,1788.61,0.0,3577.22
ORD0451,2025-06-13,South,Consumer,Home & Kitchen,Coffee Maker,3,2342.82,0.05,6677.04
ORD0452,2025-12-21,North,Corporate,Electronics,Bluetooth Speaker,3,3976.7,0.0,11930.1
ORD0453,2025-08-13,East,Home Office,Beauty,Moisturizer,4,2565.79,0.1,9236.84
ORD0454,2025-07-12,South,Corporate,Electronics,Headphones,5,3323.65,0.0,16618.25
ORD0455,2025-02-07,North,Corporate,Electronics,Bluetooth Speaker,1,1728.84,0.0,1728.84
ORD0456,2025-03-29,East,Home Office,Beauty,Moisturizer,1,2824.82,0.0,2824.82
ORD0457,2025-11-11,Central,Corporate,Beauty,Face Wash,4,4722.72,0.0,18890.88
ORD0458,2025-03-22,West,Home Office,Electronics,Wireless Mouse,3,1185.64,0.0,3556.92
ORD0459,2025-10-11,West,Home Office,Fashion,Sneakers,3,1339.23,0.0,4017.69
ORD0460,2025-10-09,North,Corporate,Beauty,Moisturizer,1,1930.98,0.1,1737.88
ORD0461,2025-12-05,East,Consumer,Beauty,Moisturizer,1,322.53,0.0,322.53
ORD0462,2025-08-31,North,Home Office,Electronics,Bluetooth Speaker,4,2459.53,0.05,9346.21
ORD0463,2025-10-06,South,Corporate,Beauty,Moisturizer,3,4449.36,0.05,12680.68
ORD0464,2025-01-23,Central,Consumer,Fashion,Backpack,4,1463.32,0.05,5560.62
ORD0465,2025-03-19,Central,Consumer,Electronics,Wireless Mouse,3,4078.26,0.1,11011.3
ORD0466,2025-10-11,West,Home Office,Electronics,Headphones,5,2208.43,0.15,9385.83
ORD0467,2025-05-01,Central,Home Office,Beauty,Shampoo,1,2094.06,0.0,2094.06
ORD0468,2025-09-22,South,Consumer,Home & Kitchen,Coffee Maker,4,1028.82,0.0,4115.28
ORD0469,2025-03-06,South,Home Office,Electronics,Headphones,1,4942.74,0.1,4448.47
ORD0470,2025-03-17,West,Home Office,Fashion,Sneakers,1,616.73,0.15,524.22
ORD0471,2025-06-16,Central,Home Office,Fashion,Jacket,4,4601.38,0.0,18405.52
ORD0472,2025-09-25,Central,Home Office,Beauty,Face Wash,4,917.28,0.15,3118.75
ORD0473,2025-02-21,East,Corporate,Electronics,USB Hub,1,3970.58,0.15,3374.99
ORD0474,2025-05-16,South,Corporate,Beauty,Perfume,5,3122.02,0.0,15610.1
ORD0475,2025-07-26,North,Corporate,Home & Kitchen,Storage Box,5,3466.9,0.1,15601.05
ORD0476,2025-06-19,North,Corporate,Home & Kitchen,Coffee Maker,4,4619.01,0.05,17552.24
ORD0477,2025-06-05,South,Consumer,Fashion,Sneakers,4,4318.53,0.0,17274.12
ORD0478,2025-06-03,North,Consumer,Beauty,Shampoo,3,3697.24,0.15,9427.96
ORD0479,2025-08-15,North,Home Office,Home & Kitchen,Table Lamp,4,3844.57,0.05,14609.37
ORD0480,2025-03-23,Central,Consumer,Electronics,Bluetooth Speaker,5,2135.25,0.15,9074.81
ORD0481,2025-03-30,North,Corporate,Home & Kitchen,Water Bottle,1,1396.55,0.1,1256.89
ORD0482,2025-12-27,West,Home Office,Home & Kitchen,Cookware Set,3,4151.83,0.15,10587.17
ORD0483,2025-03-05,South,Corporate,Electronics,Keyboard,3,2545.18,0.1,6871.99
ORD0484,2025-10-28,North,Corporate,Fashion,Sneakers,2,4219.74,0.05,8017.51
ORD0485,2025-01-15,South,Home Office,Beauty,Face Wash,2,4297.34,0.0,8594.68
ORD0486,2025-04-26,West,Consumer,Home & Kitchen,Cookware Set,4,2662.75,0.0,10651.0
ORD0487,2025-11-28,East,Home Office,Home & Kitchen,Storage Box,1,1273.1,0.15,1082.13
ORD0488,2025-12-30,East,Consumer,Fashion,Backpack,4,4286.61,0.1,15431.8
ORD0489,2025-08-27,North,Home Office,Fashion,Jacket,5,2105.33,0.0,10526.65
ORD0490,2025-12-06,North,Corporate,Fashion,Jacket,5,3122.44,0.05,14831.59
ORD0491,2025-02-02,East,Consumer,Fashion,Sneakers,3,4334.16,0.05,12352.36
ORD0492,2025-03-18,South,Home Office,Home & Kitchen,Coffee Maker,5,2138.67,0.05,10158.68
ORD0493,2025-01-14,West,Home Office,Beauty,Shampoo,3,4552.18,0.1,12290.89
ORD0494,2025-01-19,East,Home Office,Home & Kitchen,Cookware Set,2,3493.33,0.1,6287.99
ORD0495,2025-06-03,South,Home Office,Home & Kitchen,Storage Box,2,1609.16,0.1,2896.49
ORD0496,2025-05-13,East,Corporate,Home & Kitchen,Cookware Set,1,1265.82,0.0,1265.82
ORD0497,2025-06-19,West,Consumer,Fashion,Sneakers,5,1610.45,0.0,8052.25
ORD0498,2025-11-21,Central,Corporate,Electronics,Headphones,2,2601.29,0.1,4682.32
ORD0499,2025-07-31,West,Home Office,Electronics,Keyboard,2,4962.27,0.05,9428.31
ORD0500,2025-08-23,East,Home Office,Home & Kitchen,Cookware Set,2,3937.92,0.1,7088.26
ORD0501,2025-04-01,South,Home Office,Fashion,T-Shirt,1,2368.86,0.0,2368.86
ORD0502,2025-03-23,West,Corporate,Beauty,Face Wash,2,3148.5,0.1,5667.3
ORD0503,2025-09-02,North,Corporate,Beauty,Face Wash,1,2761.16,0.05,2623.1
ORD0504,2025-09-29,South,Home Office,Home & Kitchen,Coffee Maker,1,3207.1,0.0,3207.1
ORD0505,2025-06-26,East,Consumer,Fashion,Jeans,1,2040.04,0.15,1734.03
ORD0506,2025-02-03,Central,Home Office,Electronics,Bluetooth Speaker,3,2387.45,0.15,6088.0
ORD0507,2025-06-22,East,Consumer,Beauty,Moisturizer,3,4980.47,0.1,13447.27
ORD0508,2025-03-26,South,Home Office,Beauty,Face Wash,2,1275.74,0.0,2551.48
ORD0509,2025-01-12,West,Home Office,Home & Kitchen,Coffee Maker,3,3612.33,0.0,10836.99
ORD0510,2025-05-11,North,Home Office,Electronics,USB Hub,1,3376.46,0.0,3376.46
ORD0511,2025-03-01,West,Home Office,Beauty,Perfume,4,792.26,0.05,3010.59
ORD0512,2025-03-20,Central,Corporate,Home & Kitchen,Coffee Maker,3,2219.18,0.0,6657.54
ORD0513,2025-11-15,North,Corporate,Home & Kitchen,Table Lamp,1,2654.61,0.15,2256.42
ORD0514,2025-02-28,Central,Consumer,Electronics,Headphones,2,3122.21,0.05,5932.2
ORD0515,2025-07-03,South,Home Office,Beauty,Shampoo,2,388.15,0.1,698.67
ORD0516,2025-09-04,North,Home Office,Fashion,Jeans,1,260.2,0.0,260.2
ORD0517,2025-12-09,North,Corporate,Beauty,Moisturizer,1,3940.73,0.0,3940.73
ORD0518,2025-11-26,North,Consumer,Home & Kitchen,Table Lamp,3,1466.8,0.0,4400.4
ORD0519,2025-01-21,North,Consumer,Fashion,Sneakers,3,2243.78,0.0,6731.34
ORD0520,2025-01-05,Central,Corporate,Home & Kitchen,Water Bottle,3,1915.13,0.1,5170.85
ORD0521,2025-02-17,West,Corporate,Fashion,Sneakers,2,745.39,0.1,1341.7
ORD0522,2025-07-17,South,Consumer,Beauty,Perfume,2,741.67,0.0,1483.34
ORD0523,2025-08-02,East,Home Office,Beauty,Lip Balm,4,1069.05,0.1,3848.58
ORD0524,2025-01-15,West,Consumer,Home & Kitchen,Table Lamp,4,741.1,0.1,2667.96
ORD0525,2025-02-02,Central,Home Office,Fashion,Sneakers,1,3580.93,0.15,3043.79
ORD0526,2025-10-17,North,Corporate,Home & Kitchen,Cookware Set,5,2709.9,0.15,11517.07
ORD0527,2025-12-05,South,Home Office,Home & Kitchen,Table Lamp,3,3384.81,0.1,9138.99
ORD0528,2025-11-10,West,Consumer,Electronics,Wireless Mouse,2,2625.72,0.1,4726.3
ORD0529,2025-02-08,North,Home Office,Beauty,Shampoo,2,1787.3,0.05,3395.87
ORD0530,2025-04-25,Central,Corporate,Beauty,Perfume,2,577.39,0.1,1039.3
ORD0531,2025-02-15,North,Consumer,Beauty,Perfume,3,768.79,0.1,2075.73
ORD0532,2025-07-26,Central,Home Office,Beauty,Face Wash,5,2834.67,0.0,14173.35
ORD0533,2025-11-23,East,Corporate,Fashion,Jacket,5,1191.89,0.1,5363.51
ORD0534,2025-01-28,Central,Corporate,Home & Kitchen,Table Lamp,3,2887.72,0.15,7363.69
ORD0535,2025-12-03,North,Corporate,Fashion,Backpack,1,666.7,0.0,666.7
ORD0536,2025-07-01,North,Consumer,Fashion,Jacket,5,1993.67,0.0,9968.35
ORD0537,2025-09-10,South,Consumer,Home & Kitchen,Table Lamp,1,1419.59,0.0,1419.59
ORD0538,2025-07-21,West,Consumer,Home & Kitchen,Table Lamp,2,3639.58,0.0,7279.16
ORD0539,2025-11-21,South,Corporate,Electronics,Headphones,4,3359.59,0.15,11422.61
ORD0540,2025-01-03,Central,Consumer,Electronics,USB Hub,4,4225.32,0.1,15211.15
ORD0541,2025-12-21,Central,Corporate,Home & Kitchen,Water Bottle,1,2058.55,0.15,1749.77
ORD0542,2025-09-16,East,Corporate,Beauty,Perfume,5,4595.37,0.0,22976.85
ORD0543,2025-06-25,Central,Corporate,Fashion,Backpack,2,862.26,0.15,1465.84
ORD0544,2025-12-26,East,Home Office,Fashion,Jacket,2,1163.27,0.15,1977.56
ORD0545,2025-06-26,North,Corporate,Home & Kitchen,Water Bottle,5,2802.96,0.05,13314.06
ORD0546,2025-10-15,Central,Corporate,Beauty,Lip Balm,5,4723.83,0.1,21257.24
ORD0547,2025-08-05,North,Home Office,Electronics,USB Hub,1,320.31,0.0,320.31
ORD0548,2025-01-29,South,Consumer,Home & Kitchen,Cookware Set,2,4919.96,0.05,9347.92
ORD0549,2025-12-20,North,Home Office,Fashion,Jeans,5,354.07,0.1,1593.32
ORD0550,2025-12-12,North,Corporate,Home & Kitchen,Storage Box,4,1339.46,0.05,5089.95
ORD0551,2025-07-18,South,Home Office,Beauty,Shampoo,5,457.25,0.05,2171.94
ORD0552,2025-08-15,South,Home Office,Home & Kitchen,Cookware Set,5,2822.75,0.15,11996.69
ORD0553,2025-04-10,South,Consumer,Fashion,Backpack,2,4919.58,0.0,9839.16
ORD0554,2025-09-21,East,Consumer,Electronics,Headphones,1,2255.84,0.15,1917.46
ORD0555,2025-03-24,North,Consumer,Fashion,T-Shirt,3,2437.39,0.0,7312.17
ORD0556,2025-06-15,Central,Corporate,Electronics,USB Hub,3,2553.64,0.15,6511.78
ORD0557,2025-02-07,North,Home Office,Fashion,Jacket,2,4792.54,0.15,8147.32
ORD0558,2025-03-23,South,Consumer,Beauty,Lip Balm,5,2135.4,0.05,10143.15
ORD0559,2025-12-06,Central,Corporate,Fashion,Sneakers,3,1608.16,0.15,4100.81
ORD0560,2025-10-15,Central,Consumer,Electronics,Wireless Mouse,3,2338.2,0.15,5962.41
ORD0561,2025-01-21,East,Consumer,Fashion,Backpack,1,2051.2,0.15,1743.52
ORD0562,2025-09-22,East,Home Office,Fashion,Jacket,5,2337.67,0.0,11688.35
ORD0563,2025-04-09,Central,Home Office,Fashion,Jacket,1,4750.42,0.0,4750.42
ORD0564,2025-01-04,North,Consumer,Electronics,Keyboard,2,4350.76,0.1,7831.37
ORD0565,2025-10-03,North,Consumer,Beauty,Face Wash,2,313.01,0.05,594.72
ORD0566,2025-02-07,South,Corporate,Electronics,Keyboard,3,2877.8,0.15,7338.39
ORD0567,2025-07-28,West,Home Office,Beauty,Perfume,4,2277.52,0.0,9110.08
ORD0568,2025-03-02,North,Home Office,Electronics,USB Hub,1,3827.61,0.15,3253.47
ORD0569,2025-02-07,Central,Consumer,Fashion,Jacket,1,1590.22,0.05,1510.71
ORD0570,2025-05-25,West,Consumer,Beauty,Perfume,4,4145.19,0.0,16580.76
ORD0571,2025-10-01,East,Home Office,Home & Kitchen,Water Bottle,4,4023.5,0.15,13679.9
ORD0572,2025-03-15,South,Consumer,Fashion,Sneakers,1,2855.92,0.15,2427.53
ORD0573,2025-01-22,North,Corporate,Electronics,USB Hub,5,2090.59,0.15,8885.01
ORD0574,2025-04-18,South,Consumer,Fashion,Jeans,4,4546.01,0.15,15456.43
ORD0575,2025-04-05,Central,Consumer,Home & Kitchen,Storage Box,3,1131.77,0.0,3395.31
ORD0576,2025-10-09,East,Consumer,Beauty,Lip Balm,1,1594.13,0.0,1594.13
ORD0577,2025-04-12,North,Corporate,Beauty,Shampoo,3,814.43,0.0,2443.29
ORD0578,2025-11-14,Central,Home Office,Electronics,Keyboard,3,2531.13,0.05,7213.72
ORD0579,2025-06-06,West,Consumer,Home & Kitchen,Storage Box,5,1948.57,0.05,9255.71
ORD0580,2025-01-03,East,Corporate,Fashion,Jeans,2,3617.56,0.1,6511.61
ORD0581,2025-03-10,West,Home Office,Fashion,Backpack,4,2336.72,0.05,8879.54
ORD0582,2025-02-25,Central,Consumer,Home & Kitchen,Storage Box,1,4239.61,0.0,4239.61
ORD0583,2025-05-15,Central,Home Office,Electronics,Wireless Mouse,1,4277.02,0.0,4277.02
ORD0584,2025-07-27,West,Home Office,Home & Kitchen,Coffee Maker,5,1449.96,0.15,6162.33
ORD0585,2025-03-18,East,Consumer,Fashion,Backpack,2,4477.9,0.15,7612.43
ORD0586,2025-08-26,Central,Home Office,Electronics,Headphones,3,2609.4,0.0,7828.2
ORD0587,2025-03-26,South,Home Office,Home & Kitchen,Table Lamp,2,1058.9,0.15,1800.13
ORD0588,2025-09-05,North,Corporate,Fashion,T-Shirt,2,3854.07,0.0,7708.14
ORD0589,2025-07-09,West,Corporate,Home & Kitchen,Coffee Maker,2,2684.85,0.05,5101.21
ORD0590,2025-08-21,East,Home Office,Electronics,Wireless Mouse,3,694.48,0.15,1770.92
ORD0591,2025-05-15,Central,Corporate,Home & Kitchen,Table Lamp,4,1952.42,0.0,7809.68
ORD0592,2025-07-12,West,Corporate,Home & Kitchen,Storage Box,4,1892.91,0.05,7193.06
ORD0593,2025-11-06,North,Home Office,Electronics,USB Hub,2,2310.51,0.0,4621.02
ORD0594,2025-11-26,Central,Home Office,Fashion,Jeans,2,1096.15,0.05,2082.68
ORD0595,2025-03-02,West,Corporate,Home & Kitchen,Table Lamp,3,3656.23,0.1,9871.82
ORD0596,2025-04-18,Central,Home Office,Home & Kitchen,Table Lamp,1,1368.62,0.0,1368.62
ORD0597,2025-03-24,North,Consumer,Home & Kitchen,Storage Box,1,4474.83,0.0,4474.83
ORD0598,2025-05-13,North,Home Office,Home & Kitchen,Storage Box,4,3075.92,0.15,10458.13
ORD0599,2025-12-05,West,Consumer,Fashion,T-Shirt,2,2355.18,0.1,4239.32
ORD0600,2025-04-23,Central,Home Office,Beauty,Lip Balm,2,4013.16,0.0,8026.32
ORD0601,2025-09-19,Central,Consumer,Fashion,Jeans,3,4626.29,0.15,11797.04
ORD0602,2025-04-28,Central,Home Office,Beauty,Perfume,2,720.14,0.0,1440.28
ORD0603,2025-12-17,Central,Home Office,Beauty,Moisturizer,5,661.23,0.1,2975.54
ORD0604,2025-01-20,Central,Consumer,Electronics,Wireless Mouse,4,3364.08,0.15,11437.87
ORD0605,2025-12-14,Central,Corporate,Beauty,Lip Balm,4,1976.81,0.0,7907.24
ORD0606,2025-04-28,North,Corporate,Beauty,Perfume,3,3026.43,0.15,7717.4
ORD0607,2025-03-10,East,Home Office,Fashion,Backpack,2,4567.41,0.0,9134.82
ORD0608,2025-10-06,Central,Home Office,Beauty,Shampoo,2,225.25,0.0,450.5
ORD0609,2025-03-02,West,Corporate,Electronics,Headphones,2,3500.28,0.05,6650.53
ORD0610,2025-02-24,West,Home Office,Home & Kitchen,Table Lamp,5,1416.44,0.15,6019.87
ORD0611,2025-07-07,West,Consumer,Fashion,Backpack,2,2182.5,0.15,3710.25
ORD0612,2025-07-09,South,Home Office,Beauty,Shampoo,3,2971.73,0.1,8023.67
ORD0613,2025-03-02,West,Corporate,Home & Kitchen,Table Lamp,2,680.34,0.15,1156.58
ORD0614,2025-10-09,North,Consumer,Electronics,Keyboard,4,4828.94,0.0,19315.76
ORD0615,2025-08-30,North,Home Office,Beauty,Face Wash,1,1461.84,0.05,1388.75
ORD0616,2025-01-20,Central,Consumer,Beauty,Perfume,5,3348.64,0.05,15906.04
ORD0617,2025-03-31,East,Consumer,Beauty,Perfume,1,1167.19,0.15,992.11
ORD0618,2025-01-18,South,Home Office,Home & Kitchen,Storage Box,2,3434.32,0.05,6525.21
ORD0619,2025-01-01,West,Corporate,Home & Kitchen,Coffee Maker,3,3941.43,0.05,11233.08
ORD0620,2025-10-28,North,Home Office,Home & Kitchen,Storage Box,1,3736.24,0.0,3736.24
ORD0621,2025-05-26,West,Corporate,Fashion,Sneakers,3,1285.22,0.0,3855.66
ORD0622,2025-10-22,Central,Consumer,Electronics,Bluetooth Speaker,2,2153.25,0.0,4306.5
ORD0623,2025-09-15,Central,Home Office,Fashion,Sneakers,1,4053.12,0.05,3850.46
ORD0624,2025-05-09,East,Corporate,Beauty,Perfume,5,2520.42,0.0,12602.1
ORD0625,2025-12-15,North,Corporate,Beauty,Lip Balm,1,2512.46,0.05,2386.84
ORD0626,2025-11-21,Central,Home Office,Home & Kitchen,Water Bottle,3,2178.64,0.05,6209.12
ORD0627,2025-01-05,North,Home Office,Fashion,Jeans,3,645.45,0.05,1839.53
ORD0628,2025-04-02,East,Consumer,Beauty,Shampoo,3,1248.12,0.15,3182.71
ORD0629,2025-12-16,East,Consumer,Home & Kitchen,Table Lamp,2,1326.33,0.0,2652.66
ORD0630,2025-04-28,North,Consumer,Home & Kitchen,Water Bottle,5,1907.93,0.0,9539.65
ORD0631,2025-12-13,North,Corporate,Beauty,Lip Balm,1,3867.37,0.15,3287.26
ORD0632,2025-07-10,South,Home Office,Fashion,Backpack,5,4369.09,0.1,19660.91
ORD0633,2025-05-24,West,Corporate,Beauty,Moisturizer,5,814.58,0.15,3461.97
ORD0634,2025-10-04,West,Consumer,Electronics,USB Hub,3,2088.84,0.0,6266.52
ORD0635,2025-12-24,West,Home Office,Beauty,Shampoo,1,255.74,0.0,255.74
ORD0636,2025-02-21,Central,Corporate,Fashion,Sneakers,5,4335.84,0.0,21679.2
ORD0637,2025-05-02,West,Corporate,Fashion,Backpack,5,1845.86,0.0,9229.3
ORD0638,2025-04-18,West,Consumer,Beauty,Shampoo,3,4299.77,0.05,12254.34
ORD0639,2025-10-20,South,Home Office,Home & Kitchen,Storage Box,2,4107.12,0.05,7803.53
ORD0640,2025-08-10,West,Consumer,Beauty,Moisturizer,2,4039.18,0.0,8078.36
ORD0641,2025-04-01,Central,Home Office,Beauty,Perfume,2,4977.7,0.15,8462.09
ORD0642,2025-06-11,North,Corporate,Beauty,Shampoo,3,2897.26,0.15,7388.01
ORD0643,2025-02-20,North,Corporate,Home & Kitchen,Coffee Maker,2,4105.33,0.1,7389.59
ORD0644,2025-06-21,East,Consumer,Fashion,Sneakers,3,2888.68,0.05,8232.74
ORD0645,2025-07-30,Central,Consumer,Electronics,Bluetooth Speaker,5,1154.0,0.15,4904.5
ORD0646,2025-05-26,North,Corporate,Fashion,Sneakers,5,2538.97,0.1,11425.36
ORD0647,2025-11-11,West,Home Office,Fashion,Backpack,2,4366.64,0.05,8296.62
ORD0648,2025-11-10,East,Corporate,Beauty,Face Wash,1,976.6,0.0,976.6
ORD0649,2025-12-01,West,Corporate,Fashion,Sneakers,5,3293.29,0.05,15643.13
ORD0650,2025-10-28,South,Home Office,Beauty,Perfume,2,1081.65,0.0,2163.3
ORD0651,2025-05-01,North,Consumer,Fashion,T-Shirt,2,1000.17,0.0,2000.34
ORD0652,2025-08-31,North,Corporate,Electronics,Wireless Mouse,4,2714.12,0.0,10856.48
ORD0653,2025-11-13,East,Corporate,Home & Kitchen,Coffee Maker,4,1683.98,0.0,6735.92
ORD0654,2025-11-17,North,Home Office,Home & Kitchen,Water Bottle,5,4223.89,0.0,21119.45
ORD0655,2025-07-02,East,Home Office,Fashion,Backpack,4,4878.91,0.15,16588.29
ORD0656,2025-08-16,Central,Corporate,Home & Kitchen,Storage Box,2,3034.99,0.1,5462.98
ORD0657,2025-09-26,West,Corporate,Fashion,Sneakers,4,2789.41,0.0,11157.64
ORD0658,2025-07-07,Central,Consumer,Beauty,Shampoo,2,1656.15,0.0,3312.3
ORD0659,2025-06-26,West,Corporate,Fashion,Backpack,5,238.92,0.1,1075.14
ORD0660,2025-01-05,Central,Corporate,Beauty,Shampoo,5,1308.83,0.0,6544.15
ORD0661,2025-04-07,West,Corporate,Beauty,Lip Balm,4,2093.81,0.0,8375.24
ORD0662,2025-04-23,Central,Home Office,Fashion,T-Shirt,4,3200.55,0.15,10881.87
ORD0663,2025-12-17,South,Consumer,Fashion,Sneakers,5,4081.28,0.1,18365.76
ORD0664,2025-04-04,West,Corporate,Home & Kitchen,Cookware Set,1,3256.09,0.15,2767.68
ORD0665,2025-12-25,Central,Consumer,Beauty,Moisturizer,3,292.1,0.0,876.3
ORD0666,2025-04-06,North,Consumer,Electronics,Bluetooth Speaker,3,799.19,0.1,2157.81
ORD0667,2025-02-16,East,Corporate,Home & Kitchen,Coffee Maker,4,1241.5,0.1,4469.4
ORD0668,2025-07-10,North,Corporate,Beauty,Face Wash,3,584.07,0.0,1752.21
ORD0669,2025-07-20,West,Consumer,Electronics,USB Hub,4,1070.7,0.05,4068.66
ORD0670,2025-03-04,South,Corporate,Home & Kitchen,Table Lamp,4,1385.38,0.0,5541.52
ORD0671,2025-02-18,East,Consumer,Home & Kitchen,Table Lamp,4,3469.92,0.05,13185.7
ORD0672,2025-11-19,East,Consumer,Electronics,USB Hub,5,785.28,0.1,3533.76
ORD0673,2025-07-04,East,Consumer,Electronics,Keyboard,1,1331.64,0.1,1198.48
ORD0674,2025-03-27,North,Consumer,Fashion,Jacket,1,2098.88,0.0,2098.88
ORD0675,2025-10-25,South,Consumer,Beauty,Lip Balm,2,1981.71,0.0,3963.42
ORD0676,2025-09-13,North,Corporate,Electronics,USB Hub,3,4667.07,0.0,14001.21
ORD0677,2025-11-27,East,Home Office,Home & Kitchen,Storage Box,1,802.97,0.0,802.97
ORD0678,2025-11-27,East,Home Office,Fashion,Backpack,2,301.49,0.1,542.68
ORD0679,2025-03-10,East,Home Office,Fashion,T-Shirt,4,3590.8,0.15,12208.72
ORD0680,2025-12-23,East,Home Office,Beauty,Moisturizer,5,1094.81,0.05,5200.35
ORD0681,2025-08-28,South,Corporate,Fashion,Jacket,5,968.65,0.15,4116.76
ORD0682,2025-06-01,West,Home Office,Fashion,Jacket,3,2378.58,0.15,6065.38
ORD0683,2025-04-05,East,Home Office,Electronics,USB Hub,3,3923.88,0.0,11771.64
ORD0684,2025-02-02,South,Home Office,Beauty,Moisturizer,5,3478.48,0.15,14783.54
ORD0685,2025-05-25,North,Consumer,Fashion,Backpack,3,729.23,0.15,1859.54
ORD0686,2025-03-08,North,Consumer,Home & Kitchen,Coffee Maker,2,712.86,0.0,1425.72
ORD0687,2025-10-20,East,Consumer,Beauty,Perfume,5,3194.06,0.15,13574.75
ORD0688,2025-07-07,West,Consumer,Home & Kitchen,Storage Box,1,261.81,0.0,261.81
ORD0689,2025-08-28,East,Home Office,Electronics,Bluetooth Speaker,5,3767.69,0.1,16954.6
ORD0690,2025-01-30,North,Consumer,Fashion,Jacket,1,3723.64,0.05,3537.46
ORD0691,2025-09-23,South,Home Office,Electronics,Wireless Mouse,2,2750.97,0.0,5501.94
ORD0692,2025-12-03,West,Home Office,Home & Kitchen,Storage Box,2,2879.43,0.15,4895.03
ORD0693,2025-02-24,South,Home Office,Fashion,Backpack,4,4436.56,0.0,17746.24
ORD0694,2025-07-25,East,Corporate,Fashion,Jeans,5,4991.48,0.1,22461.66
ORD0695,2025-10-09,East,Home Office,Fashion,Sneakers,4,3867.08,0.1,13921.49
ORD0696,2025-05-04,East,Corporate,Home & Kitchen,Table Lamp,5,4644.51,0.05,22061.42
ORD0697,2025-08-18,North,Home Office,Beauty,Face Wash,1,4917.19,0.15,4179.61
ORD0698,2025-03-11,East,Consumer,Fashion,T-Shirt,3,4924.09,0.0,14772.27
ORD0699,2025-12-20,South,Consumer,Fashion,Jacket,5,2869.35,0.15,12194.74
ORD0700,2025-01-20,Central,Consumer,Beauty,Shampoo,2,863.36,0.05,1640.38
ORD0701,2025-04-30,South,Home Office,Fashion,Sneakers,1,2937.34,0.15,2496.74
ORD0702,2025-02-09,North,Home Office,Fashion,Backpack,2,2542.73,0.15,4322.64
ORD0703,2025-11-25,East,Corporate,Fashion,T-Shirt,5,2030.42,0.0,10152.1
ORD0704,2025-08-11,North,Home Office,Beauty,Face Wash,2,3787.86,0.15,6439.36
ORD0705,2025-11-20,Central,Home Office,Beauty,Face Wash,3,2716.04,0.05,7740.71
ORD0706,2025-03-18,West,Home Office,Fashion,Jacket,2,934.35,0.1,1681.83
ORD0707,2025-10-22,South,Consumer,Electronics,Keyboard,4,1589.96,0.1,5723.86
ORD0708,2025-06-22,West,Corporate,Electronics,Headphones,5,3776.51,0.15,16050.17
ORD0709,2025-02-13,South,Corporate,Beauty,Lip Balm,4,3913.36,0.0,15653.44
ORD0710,2025-10-14,Central,Home Office,Home & Kitchen,Table Lamp,4,3329.79,0.0,13319.16
ORD0711,2025-09-26,East,Home Office,Home & Kitchen,Water Bottle,1,1477.03,0.1,1329.33
ORD0712,2025-10-22,South,Corporate,Electronics,Wireless Mouse,4,2231.99,0.05,8481.56
ORD0713,2025-06-26,West,Home Office,Electronics,Bluetooth Speaker,2,4939.73,0.15,8397.54
ORD0714,2025-03-16,South,Home Office,Beauty,Face Wash,2,1157.49,0.05,2199.23
ORD0715,2025-02-13,East,Consumer,Electronics,Wireless Mouse,2,4753.92,0.0,9507.84
ORD0716,2025-06-25,South,Home Office,Electronics,Bluetooth Speaker,4,2460.71,0.05,9350.7
ORD0717,2025-10-03,Central,Corporate,Home & Kitchen,Water Bottle,5,2710.68,0.05,12875.73
ORD0718,2025-11-15,North,Corporate,Home & Kitchen,Coffee Maker,4,2997.42,0.15,10191.23
ORD0719,2025-03-29,East,Consumer,Electronics,Bluetooth Speaker,2,3987.1,0.15,6778.07
ORD0720,2025-08-27,North,Consumer,Electronics,Wireless Mouse,4,3368.79,0.05,12801.4
ORD0721,2025-05-30,East,Corporate,Beauty,Moisturizer,4,2639.99,0.0,10559.96
ORD0722,2025-11-02,Central,Home Office,Electronics,Keyboard,2,2602.12,0.1,4683.82
ORD0723,2025-01-12,West,Home Office,Electronics,Keyboard,5,1662.65,0.1,7481.93
ORD0724,2025-03-22,South,Home Office,Electronics,Bluetooth Speaker,3,1904.82,0.05,5428.74
ORD0725,2025-05-22,Central,Corporate,Electronics,Bluetooth Speaker,4,4472.93,0.0,17891.72
ORD0726,2025-04-26,West,Home Office,Home & Kitchen,Cookware Set,4,3352.27,0.0,13409.08
ORD0727,2025-12-14,East,Home Office,Home & Kitchen,Table Lamp,2,2948.91,0.1,5308.04
ORD0728,2025-06-18,Central,Home Office,Beauty,Lip Balm,2,1191.43,0.0,2382.86
ORD0729,2025-12-17,South,Corporate,Home & Kitchen,Water Bottle,3,3503.95,0.15,8935.07
ORD0730,2025-03-16,South,Corporate,Home & Kitchen,Cookware Set,1,2874.23,0.0,2874.23
ORD0731,2025-03-16,West,Home Office,Electronics,Bluetooth Speaker,4,4812.74,0.05,18288.41
ORD0732,2025-11-23,North,Home Office,Fashion,Jeans,2,711.5,0.0,1423.0
ORD0733,2025-11-12,South,Consumer,Fashion,Jacket,5,3138.34,0.15,13337.94
ORD0734,2025-12-18,South,Home Office,Electronics,Bluetooth Speaker,1,3502.08,0.1,3151.87
ORD0735,2025-11-06,West,Consumer,Beauty,Shampoo,2,4289.22,0.1,7720.6
ORD0736,2025-03-25,East,Corporate,Home & Kitchen,Water Bottle,1,2160.23,0.0,2160.23
ORD0737,2025-04-24,Central,Corporate,Home & Kitchen,Water Bottle,1,1048.98,0.1,944.08
ORD0738,2025-12-19,Central,Home Office,Fashion,Backpack,2,2251.27,0.0,4502.54
ORD0739,2025-07-14,Central,Home Office,Fashion,Backpack,5,4706.87,0.15,20004.2
ORD0740,2025-09-26,South,Home Office,Electronics,USB Hub,1,2366.73,0.0,2366.73
ORD0741,2025-10-03,South,Corporate,Beauty,Face Wash,5,2058.51,0.0,10292.55
ORD0742,2025-08-14,East,Home Office,Beauty,Shampoo,3,2413.47,0.1,6516.37
ORD0743,2025-01-28,North,Consumer,Home & Kitchen,Table Lamp,4,633.12,0.15,2152.61
ORD0744,2025-10-27,South,Corporate,Home & Kitchen,Table Lamp,4,1751.61,0.0,7006.44
ORD0745,2025-10-30,North,Consumer,Home & Kitchen,Table Lamp,1,1399.4,0.0,1399.4
ORD0746,2025-02-28,Central,Home Office,Beauty,Shampoo,1,2713.32,0.1,2441.99
ORD0747,2025-03-23,East,Home Office,Beauty,Lip Balm,4,409.75,0.0,1639.0
ORD0748,2025-12-04,West,Corporate,Home & Kitchen,Water Bottle,2,1057.56,0.0,2115.12
ORD0749,2025-06-08,South,Consumer,Beauty,Shampoo,2,763.26,0.0,1526.52
ORD0750,2025-11-15,Central,Consumer,Fashion,T-Shirt,4,2587.61,0.1,9315.4
ORD0751,2025-11-08,West,Corporate,Beauty,Moisturizer,2,3025.54,0.1,5445.97
ORD0752,2025-08-15,East,Home Office,Electronics,USB Hub,5,230.55,0.15,979.84
ORD0753,2025-11-18,North,Consumer,Home & Kitchen,Coffee Maker,2,910.63,0.05,1730.2
ORD0754,2025-01-17,South,Consumer,Fashion,Sneakers,1,434.35,0.1,390.92
ORD0755,2025-12-11,South,Corporate,Fashion,Jacket,5,2945.96,0.15,12520.33
ORD0756,2025-10-24,East,Corporate,Fashion,T-Shirt,1,3887.86,0.05,3693.47
ORD0757,2025-02-04,North,Home Office,Beauty,Lip Balm,1,1604.6,0.0,1604.6
ORD0758,2025-05-21,Central,Consumer,Fashion,Jacket,4,2717.3,0.0,10869.2
ORD0759,2025-02-25,West,Home Office,Electronics,Headphones,5,4681.68,0.05,22237.98
ORD0760,2025-06-12,South,Home Office,Fashion,Jacket,5,4975.12,0.05,23631.82
ORD0761,2025-10-16,Central,Consumer,Beauty,Lip Balm,4,2563.02,0.0,10252.08
ORD0762,2025-12-29,North,Home Office,Fashion,Jeans,1,766.39,0.1,689.75
ORD0763,2025-04-17,South,Consumer,Beauty,Perfume,1,1801.2,0.15,1531.02
ORD0764,2025-11-24,East,Home Office,Home & Kitchen,Cookware Set,3,3991.94,0.05,11377.03
ORD0765,2025-10-09,West,Home Office,Fashion,T-Shirt,1,3491.01,0.05,3316.46
ORD0766,2025-10-19,West,Corporate,Electronics,Keyboard,2,1785.47,0.05,3392.39
ORD0767,2025-01-19,East,Corporate,Home & Kitchen,Table Lamp,2,3209.56,0.15,5456.25
ORD0768,2025-07-31,Central,Home Office,Electronics,USB Hub,3,2910.72,0.05,8295.55
ORD0769,2025-01-10,North,Consumer,Home & Kitchen,Storage Box,3,4036.77,0.05,11504.79
ORD0770,2025-05-24,Central,Home Office,Electronics,Bluetooth Speaker,4,3206.25,0.0,12825.0
ORD0771,2025-07-19,East,Home Office,Home & Kitchen,Storage Box,1,4349.05,0.05,4131.6
ORD0772,2025-01-17,East,Corporate,Fashion,Backpack,1,2584.86,0.0,2584.86
ORD0773,2025-06-04,North,Consumer,Home & Kitchen,Storage Box,3,1039.06,0.05,2961.32
ORD0774,2025-02-17,South,Consumer,Beauty,Lip Balm,1,4034.32,0.15,3429.17
ORD0775,2025-06-24,North,Home Office,Beauty,Lip Balm,3,3921.56,0.0,11764.68
ORD0776,2025-12-13,North,Consumer,Home & Kitchen,Water Bottle,1,2403.97,0.15,2043.37
ORD0777,2025-06-09,North,Home Office,Electronics,USB Hub,1,1798.79,0.0,1798.79
ORD0778,2025-12-04,East,Consumer,Fashion,T-Shirt,5,3839.77,0.0,19198.85
ORD0779,2025-04-09,North,Corporate,Fashion,Sneakers,5,1730.92,0.1,7789.14
ORD0780,2025-03-18,Central,Home Office,Home & Kitchen,Cookware Set,1,272.23,0.15,231.4
ORD0781,2025-02-22,South,Home Office,Home & Kitchen,Storage Box,3,2835.96,0.05,8082.49
ORD0782,2025-05-26,Central,Corporate,Home & Kitchen,Water Bottle,1,1693.61,0.05,1608.93
ORD0783,2025-01-26,North,Corporate,Home & Kitchen,Coffee Maker,4,4534.8,0.0,18139.2
ORD0784,2025-01-28,Central,Home Office,Electronics,Headphones,4,1058.12,0.15,3597.61
ORD0785,2025-12-20,Central,Consumer,Beauty,Lip Balm,3,1698.72,0.0,5096.16
ORD0786,2025-08-27,West,Corporate,Home & Kitchen,Coffee Maker,4,665.86,0.05,2530.27
ORD0787,2025-04-29,West,Consumer,Home & Kitchen,Water Bottle,5,1437.65,0.05,6828.84
ORD0788,2025-12-25,West,Consumer,Fashion,Sneakers,4,2539.03,0.0,10156.12
ORD0789,2025-06-29,Central,Home Office,Beauty,Perfume,2,1553.84,0.05,2952.3
ORD0790,2025-03-07,East,Home Office,Electronics,Headphones,1,1763.17,0.0,1763.17
ORD0791,2025-08-25,Central,Consumer,Beauty,Lip Balm,4,1344.16,0.0,5376.64
ORD0792,2025-09-04,West,Corporate,Beauty,Face Wash,3,1198.54,0.15,3056.28
ORD0793,2025-10-18,Central,Corporate,Fashion,Jacket,2,1029.81,0.0,2059.62
ORD0794,2025-02-28,South,Corporate,Beauty,Shampoo,5,667.74,0.1,3004.83
ORD0795,2025-07-27,West,Corporate,Electronics,USB Hub,1,3489.44,0.15,2966.02
ORD0796,2025-09-11,North,Consumer,Electronics,Wireless Mouse,2,4120.76,0.15,7005.29
ORD0797,2025-12-05,Central,Corporate,Home & Kitchen,Table Lamp,5,1598.22,0.15,6792.44
ORD0798,2025-04-11,West,Home Office,Home & Kitchen,Cookware Set,3,2936.33,0.05,8368.54
ORD0799,2025-06-26,West,Consumer,Electronics,USB Hub,1,3134.16,0.15,2664.04
ORD0800,2025-05-31,Central,Corporate,Electronics,Bluetooth Speaker,5,4844.92,0.0,24224.6
ORD0801,2025-02-26,West,Home Office,Fashion,T-Shirt,2,2271.23,0.15,3861.09
ORD0802,2025-06-12,South,Corporate,Beauty,Perfume,4,2287.91,0.0,9151.64
ORD0803,2025-03-13,West,Consumer,Home & Kitchen,Storage Box,4,4246.97,0.05,16138.49
ORD0804,2025-05-28,South,Home Office,Home & Kitchen,Water Bottle,1,543.38,0.0,543.38
ORD0805,2025-09-07,West,Home Office,Beauty,Moisturizer,1,857.66,0.1,771.89
ORD0806,2025-11-06,Central,Corporate,Beauty,Lip Balm,2,2380.09,0.1,4284.16
ORD0807,2025-07-16,Central,Corporate,Fashion,Jeans,2,2237.9,0.0,4475.8
ORD0808,2025-05-02,North,Home Office,Fashion,Backpack,5,2965.49,0.0,14827.45
ORD0809,2025-09-05,South,Home Office,Fashion,T-Shirt,5,2510.36,0.0,12551.8
ORD0810,2025-09-27,North,Consumer,Fashion,Backpack,5,574.53,0.15,2441.75
ORD0811,2025-08-30,East,Home Office,Electronics,USB Hub,5,1699.0,0.0,8495.0
ORD0812,2025-01-06,East,Corporate,Beauty,Perfume,5,4548.06,0.15,19329.26
ORD0813,2025-06-30,East,Home Office,Fashion,Sneakers,2,368.57,0.15,626.57
ORD0814,2025-10-16,North,Home Office,Fashion,T-Shirt,4,2974.08,0.15,10111.87
ORD0815,2025-05-30,North,Corporate,Electronics,Bluetooth Speaker,4,595.05,0.15,2023.17
ORD0816,2025-05-10,North,Home Office,Home & Kitchen,Storage Box,3,1520.04,0.05,4332.11
ORD0817,2025-02-27,South,Corporate,Home & Kitchen,Storage Box,2,3362.95,0.05,6389.6
ORD0818,2025-12-25,East,Consumer,Home & Kitchen,Table Lamp,2,4035.99,0.0,8071.98
ORD0819,2025-03-16,West,Home Office,Home & Kitchen,Table Lamp,4,3896.77,0.0,15587.08
ORD0820,2025-11-23,North,Home Office,Home & Kitchen,Water Bottle,5,3723.93,0.05,17688.67
ORD0821,2025-05-16,East,Corporate,Electronics,Wireless Mouse,2,2426.27,0.1,4367.29
ORD0822,2025-09-30,Central,Corporate,Home & Kitchen,Table Lamp,4,2477.03,0.0,9908.12
ORD0823,2025-01-07,North,Consumer,Fashion,Backpack,4,3455.77,0.15,11749.62
ORD0824,2025-09-30,East,Corporate,Fashion,Backpack,5,4605.6,0.05,21876.6
ORD0825,2025-05-17,Central,Consumer,Electronics,Bluetooth Speaker,5,2076.54,0.0,10382.7
ORD0826,2025-09-24,North,Consumer,Fashion,Jeans,3,2827.54,0.0,8482.62
ORD0827,2025-07-30,South,Home Office,Electronics,USB Hub,1,3489.4,0.05,3314.93
ORD0828,2025-05-26,North,Home Office,Fashion,Jeans,1,312.76,0.0,312.76
ORD0829,2025-12-03,North,Home Office,Home & Kitchen,Storage Box,1,3597.76,0.0,3597.76
ORD0830,2025-03-08,East,Corporate,Beauty,Lip Balm,2,4499.81,0.0,8999.62
ORD0831,2025-08-28,East,Consumer,Electronics,Headphones,3,3891.92,0.05,11091.97
ORD0832,2025-02-07,East,Corporate,Fashion,T-Shirt,4,2064.23,0.0,8256.92
ORD0833,2025-04-02,Central,Corporate,Beauty,Face Wash,4,4900.23,0.0,19600.92
ORD0834,2025-04-02,South,Home Office,Beauty,Face Wash,2,2794.03,0.1,5029.25
ORD0835,2025-11-26,North,Home Office,Electronics,Headphones,3,694.78,0.0,2084.34
ORD0836,2025-05-09,North,Home Office,Beauty,Face Wash,4,913.5,0.0,3654.0
ORD0837,2025-07-19,North,Home Office,Fashion,Jeans,3,4541.16,0.15,11579.96
ORD0838,2025-12-29,Central,Consumer,Beauty,Perfume,4,2137.78,0.0,8551.12
ORD0839,2025-01-02,East,Home Office,Beauty,Perfume,1,2921.77,0.05,2775.68
ORD0840,2025-06-05,North,Corporate,Beauty,Face Wash,1,1952.71,0.05,1855.07
ORD0841,2025-05-29,South,Corporate,Home & Kitchen,Water Bottle,5,387.79,0.1,1745.06
ORD0842,2025-12-23,South,Consumer,Beauty,Face Wash,3,2534.22,0.1,6842.39
ORD0843,2025-01-19,North,Home Office,Home & Kitchen,Coffee Maker,5,1343.73,0.1,6046.78
ORD0844,2025-11-26,North,Consumer,Fashion,Backpack,5,4830.78,0.1,21738.51
ORD0845,2025-06-23,Central,Corporate,Electronics,Bluetooth Speaker,1,2145.44,0.0,2145.44
ORD0846,2025-12-14,South,Corporate,Home & Kitchen,Storage Box,2,4638.12,0.0,9276.24
ORD0847,2025-12-01,North,Consumer,Electronics,Headphones,5,418.85,0.0,2094.25
ORD0848,2025-11-20,Central,Consumer,Electronics,Bluetooth Speaker,1,2388.69,0.0,2388.69
ORD0849,2025-02-24,North,Consumer,Electronics,Headphones,5,4035.04,0.0,20175.2
ORD0850,2025-08-07,Central,Consumer,Fashion,Backpack,3,778.85,0.15,1986.07
ORD0851,2025-06-14,North,Corporate,Home & Kitchen,Coffee Maker,5,1031.55,0.0,5157.75
ORD0852,2025-03-14,South,Home Office,Beauty,Moisturizer,3,2855.36,0.1,7709.47
ORD0853,2025-01-21,North,Corporate,Home & Kitchen,Coffee Maker,5,2004.43,0.0,10022.15
ORD0854,2025-02-11,East,Corporate,Electronics,Wireless Mouse,2,4644.46,0.15,7895.58
ORD0855,2025-12-22,Central,Corporate,Beauty,Moisturizer,2,885.82,0.05,1683.06
ORD0856,2025-07-30,South,Home Office,Home & Kitchen,Water Bottle,5,3519.03,0.15,14955.88
ORD0857,2025-09-13,South,Consumer,Electronics,Bluetooth Speaker,3,2209.17,0.15,5633.38
ORD0858,2025-03-02,Central,Consumer,Electronics,USB Hub,3,4340.11,0.15,11067.28
ORD0859,2025-08-26,West,Corporate,Home & Kitchen,Cookware Set,1,1128.85,0.0,1128.85
ORD0860,2025-04-01,South,Corporate,Home & Kitchen,Coffee Maker,1,3294.33,0.05,3129.61
ORD0861,2025-05-09,Central,Consumer,Fashion,Jacket,4,406.92,0.0,1627.68
ORD0862,2025-03-22,West,Home Office,Electronics,Headphones,5,756.11,0.0,3780.55
ORD0863,2025-10-24,South,Consumer,Fashion,Backpack,2,3785.02,0.05,7191.54
ORD0864,2025-06-16,West,Consumer,Home & Kitchen,Coffee Maker,2,3740.19,0.0,7480.38
ORD0865,2025-02-07,South,Consumer,Beauty,Lip Balm,4,459.83,0.1,1655.39
ORD0866,2025-11-09,South,Home Office,Beauty,Moisturizer,4,1991.73,0.1,7170.23
ORD0867,2025-07-03,North,Corporate,Fashion,Jeans,3,809.62,0.15,2064.53
ORD0868,2025-03-11,South,Corporate,Electronics,Headphones,4,2206.47,0.05,8384.59
ORD0869,2025-11-06,South,Consumer,Home & Kitchen,Storage Box,2,2973.98,0.15,5055.77
ORD0870,2025-07-30,East,Consumer,Beauty,Moisturizer,5,2471.75,0.1,11122.88
ORD0871,2025-08-08,Central,Consumer,Home & Kitchen,Water Bottle,3,2283.39,0.0,6850.17
ORD0872,2025-10-21,Central,Consumer,Electronics,Headphones,1,391.28,0.1,352.15
ORD0873,2025-08-06,North,Home Office,Beauty,Perfume,1,2370.72,0.0,2370.72
ORD0874,2025-01-07,North,Consumer,Beauty,Moisturizer,2,1919.35,0.0,3838.7
ORD0875,2025-09-03,North,Corporate,Fashion,Jeans,4,4317.03,0.15,14677.9
ORD0876,2025-08-26,West,Home Office,Home & Kitchen,Table Lamp,2,3990.32,0.05,7581.61
ORD0877,2025-11-21,Central,Consumer,Electronics,Wireless Mouse,4,4487.49,0.05,17052.46
ORD0878,2025-06-01,North,Home Office,Beauty,Shampoo,5,2802.69,0.0,14013.45
ORD0879,2025-06-21,West,Corporate,Electronics,USB Hub,3,4461.29,0.0,13383.87
ORD0880,2025-08-27,North,Home Office,Electronics,Bluetooth Speaker,3,1040.28,0.15,2652.71
ORD0881,2025-12-30,West,Home Office,Home & Kitchen,Water Bottle,3,1344.44,0.0,4033.32
ORD0882,2025-10-25,Central,Home Office,Home & Kitchen,Water Bottle,3,1892.02,0.05,5392.26
ORD0883,2025-08-05,West,Home Office,Fashion,T-Shirt,1,1988.51,0.1,1789.66
ORD0884,2025-09-27,East,Corporate,Electronics,Headphones,5,3454.88,0.15,14683.24
ORD0885,2025-11-14,North,Consumer,Fashion,T-Shirt,2,4480.14,0.1,8064.25
ORD0886,2025-07-20,North,Home Office,Home & Kitchen,Cookware Set,1,723.95,0.05,687.75
ORD0887,2025-03-17,East,Corporate,Beauty,Moisturizer,2,2698.3,0.0,5396.6
ORD0888,2025-12-16,East,Consumer,Home & Kitchen,Table Lamp,3,2215.62,0.0,6646.86
ORD0889,2025-02-02,Central,Corporate,Electronics,Keyboard,5,3293.43,0.1,14820.43
ORD0890,2025-12-02,Central,Corporate,Fashion,Backpack,5,3395.11,0.15,14429.22
ORD0891,2025-08-23,South,Corporate,Fashion,Jacket,2,4510.75,0.05,8570.42
ORD0892,2025-04-27,South,Corporate,Beauty,Shampoo,3,3893.8,0.0,11681.4
ORD0893,2025-05-26,East,Consumer,Beauty,Moisturizer,5,4634.83,0.15,19698.03
ORD0894,2025-03-31,Central,Consumer,Home & Kitchen,Water Bottle,2,760.2,0.05,1444.38
ORD0895,2025-08-14,East,Corporate,Fashion,Sneakers,2,1183.75,0.0,2367.5
ORD0896,2025-03-17,East,Consumer,Fashion,Backpack,5,4881.24,0.15,20745.27
ORD0897,2025-01-13,South,Consumer,Beauty,Perfume,2,4748.39,0.05,9021.94
ORD0898,2025-10-07,South,Home Office,Fashion,Sneakers,4,4499.69,0.15,15298.95
ORD0899,2025-08-15,Central,Consumer,Fashion,T-Shirt,4,4519.84,0.0,18079.36
ORD0900,2025-06-07,East,Consumer,Electronics,Headphones,5,4235.21,0.1,19058.44
ORD0901,2025-06-17,East,Consumer,Electronics,USB Hub,2,2999.47,0.0,5998.94
ORD0902,2025-01-12,Central,Corporate,Electronics,USB Hub,4,3448.9,0.0,13795.6
ORD0903,2025-04-10,East,Corporate,Beauty,Shampoo,5,3103.37,0.0,15516.85
ORD0904,2025-03-17,East,Corporate,Beauty,Shampoo,4,1988.59,0.05,7556.64
ORD0905,2025-06-07,West,Corporate,Beauty,Lip Balm,1,1234.34,0.1,1110.91
ORD0906,2025-05-28,Central,Consumer,Home & Kitchen,Table Lamp,4,868.92,0.15,2954.33
ORD0907,2025-03-15,East,Consumer,Home & Kitchen,Cookware Set,4,4943.24,0.15,16807.02
ORD0908,2025-10-30,West,Consumer,Beauty,Face Wash,1,2164.41,0.05,2056.19
ORD0909,2025-10-12,East,Home Office,Beauty,Lip Balm,2,1155.44,0.1,2079.79
ORD0910,2025-09-09,West,Consumer,Electronics,Bluetooth Speaker,5,1657.79,0.15,7045.61
ORD0911,2025-01-14,North,Home Office,Electronics,Keyboard,3,1639.81,0.1,4427.49
ORD0912,2025-12-07,North,Consumer,Fashion,Backpack,2,2560.06,0.0,5120.12
ORD0913,2025-05-22,West,Home Office,Beauty,Face Wash,5,3777.71,0.15,16055.27
ORD0914,2025-08-12,North,Corporate,Fashion,Backpack,1,1990.37,0.15,1691.81
ORD0915,2025-03-25,East,Consumer,Electronics,Keyboard,3,2412.01,0.0,7236.03
ORD0916,2025-01-28,North,Corporate,Fashion,Sneakers,4,3252.99,0.05,12361.36
ORD0917,2025-05-30,North,Home Office,Electronics,USB Hub,2,3877.92,0.0,7755.84
ORD0918,2025-03-27,North,Home Office,Fashion,Sneakers,3,1502.0,0.05,4280.7
ORD0919,2025-10-24,East,Corporate,Fashion,Jeans,1,856.36,0.05,813.54
ORD0920,2025-07-30,South,Consumer,Fashion,Jeans,1,1244.81,0.15,1058.09
ORD0921,2025-10-14,South,Consumer,Electronics,Headphones,4,4595.95,0.0,18383.8
ORD0922,2025-09-03,Central,Home Office,Fashion,Sneakers,3,866.27,0.1,2338.93
ORD0923,2025-06-25,South,Consumer,Home & Kitchen,Cookware Set,1,3772.41,0.0,3772.41
ORD0924,2025-12-22,North,Corporate,Home & Kitchen,Water Bottle,3,800.65,0.0,2401.95
ORD0925,2025-12-20,North,Consumer,Electronics,Wireless Mouse,1,3917.52,0.1,3525.77
ORD0926,2025-02-25,East,Consumer,Electronics,USB Hub,5,483.47,0.0,2417.35
ORD0927,2025-02-03,South,Home Office,Fashion,T-Shirt,1,3954.38,0.15,3361.22
ORD0928,2025-04-13,Central,Corporate,Home & Kitchen,Cookware Set,1,634.74,0.05,603.0
ORD0929,2025-06-30,North,Consumer,Home & Kitchen,Storage Box,5,1359.75,0.15,5778.94
ORD0930,2025-10-24,South,Home Office,Electronics,USB Hub,2,3634.9,0.05,6906.31
ORD0931,2025-01-03,East,Home Office,Electronics,Keyboard,5,4285.22,0.1,19283.49
ORD0932,2025-10-29,West,Corporate,Home & Kitchen,Table Lamp,1,1067.07,0.05,1013.72
ORD0933,2025-04-20,North,Corporate,Home & Kitchen,Table Lamp,1,3853.77,0.05,3661.08
ORD0934,2025-02-26,North,Consumer,Home & Kitchen,Table Lamp,3,3581.71,0.15,9133.36
ORD0935,2025-06-17,East,Home Office,Beauty,Face Wash,4,1560.33,0.15,5305.12
ORD0936,2025-08-16,South,Consumer,Home & Kitchen,Storage Box,4,1593.83,0.1,5737.79
ORD0937,2025-09-01,North,Corporate,Fashion,Jeans,1,4992.87,0.1,4493.58
ORD0938,2025-08-13,North,Home Office,Electronics,Wireless Mouse,2,2094.1,0.15,3559.97
ORD0939,2025-03-28,West,Consumer,Electronics,Bluetooth Speaker,2,1824.43,0.15,3101.53
ORD0940,2025-04-30,Central,Corporate,Beauty,Perfume,3,3870.12,0.15,9868.81
ORD0941,2025-11-26,West,Home Office,Beauty,Shampoo,4,3399.05,0.1,12236.58
ORD0942,2025-05-23,West,Consumer,Home & Kitchen,Table Lamp,1,785.51,0.1,706.96
ORD0943,2025-11-18,West,Home Office,Home & Kitchen,Coffee Maker,1,3740.43,0.0,3740.43
ORD0944,2025-01-14,East,Home Office,Home & Kitchen,Table Lamp,5,3459.18,0.0,17295.9
ORD0945,2025-11-16,South,Corporate,Electronics,Wireless Mouse,5,3883.35,0.1,17475.08
ORD0946,2025-12-05,Central,Home Office,Beauty,Perfume,5,1454.99,0.05,6911.2
ORD0947,2025-01-10,West,Corporate,Electronics,Headphones,1,2040.42,0.05,1938.4
ORD0948,2025-08-24,South,Corporate,Electronics,Wireless Mouse,2,2871.0,0.05,5454.9
ORD0949,2025-08-09,Central,Home Office,Home & Kitchen,Cookware Set,4,2538.78,0.0,10155.12
ORD0950,2025-09-09,North,Corporate,Beauty,Perfume,5,4299.89,0.15,18274.53
ORD0951,2025-05-15,East,Corporate,Beauty,Lip Balm,4,3160.31,0.05,12009.18
ORD0952,2025-02-01,East,Home Office,Electronics,USB Hub,1,814.35,0.05,773.63
ORD0953,2025-10-26,East,Corporate,Electronics,Bluetooth Speaker,4,666.28,0.05,2531.86
ORD0954,2025-06-29,Central,Consumer,Electronics,Keyboard,2,1325.19,0.05,2517.86
ORD0955,2025-12-19,Central,Corporate,Electronics,Bluetooth Speaker,1,1819.45,0.0,1819.45
ORD0956,2025-01-20,East,Consumer,Beauty,Perfume,5,2669.85,0.1,12014.33
ORD0957,2025-12-23,Central,Corporate,Beauty,Lip Balm,1,4930.67,0.1,4437.6
ORD0958,2025-06-15,East,Corporate,Electronics,Headphones,1,3515.15,0.0,3515.15
ORD0959,2025-09-15,South,Corporate,Fashion,Jeans,5,1636.7,0.1,7365.15
ORD0960,2025-11-22,East,Home Office,Electronics,USB Hub,2,1578.31,0.0,3156.62
ORD0961,2025-07-25,North,Home Office,Home & Kitchen,Storage Box,1,3643.99,0.15,3097.39
ORD0962,2025-06-22,West,Consumer,Fashion,T-Shirt,5,4044.69,0.1,18201.1
ORD0963,2025-06-27,Central,Corporate,Electronics,Bluetooth Speaker,5,4058.81,0.1,18264.65
ORD0964,2025-04-13,Central,Consumer,Beauty,Perfume,3,3198.83,0.1,8636.84
ORD0965,2025-01-10,East,Home Office,Home & Kitchen,Storage Box,4,1221.17,0.1,4396.21
ORD0966,2025-09-30,West,Consumer,Beauty,Lip Balm,1,2705.89,0.05,2570.6
ORD0967,2025-05-04,South,Corporate,Home & Kitchen,Cookware Set,4,2168.25,0.0,8673.0
ORD0968,2025-05-17,West,Consumer,Fashion,Jeans,3,3495.9,0.0,10487.7
ORD0969,2025-02-28,West,Corporate,Home & Kitchen,Water Bottle,1,1377.82,0.05,1308.93
ORD0970,2025-10-14,South,Consumer,Beauty,Perfume,1,1168.55,0.05,1110.12
ORD0971,2025-05-13,West,Consumer,Fashion,Jacket,2,3291.61,0.0,6583.22
ORD0972,2025-01-29,West,Corporate,Electronics,Bluetooth Speaker,5,1629.3,0.0,8146.5
ORD0973,2025-12-10,Central,Consumer,Electronics,Headphones,2,1332.0,0.15,2264.4
ORD0974,2025-09-25,East,Corporate,Fashion,Backpack,1,1341.77,0.0,1341.77
ORD0975,2025-10-27,South,Consumer,Beauty,Moisturizer,4,1245.44,0.0,4981.76
ORD0976,2025-05-21,West,Home Office,Beauty,Perfume,3,4340.92,0.0,13022.76
ORD0977,2025-07-11,East,Consumer,Electronics,Bluetooth Speaker,5,2233.15,0.0,11165.75
ORD0978,2025-07-05,North,Home Office,Beauty,Shampoo,3,300.16,0.15,765.41
ORD0979,2025-12-06,East,Home Office,Electronics,Keyboard,3,2852.09,0.05,8128.46
ORD0980,2025-03-04,East,Corporate,Home & Kitchen,Table Lamp,4,236.76,0.1,852.34
ORD0981,2025-02-16,West,Home Office,Home & Kitchen,Cookware Set,2,4324.2,0.0,8648.4
ORD0982,2025-06-12,West,Home Office,Beauty,Face Wash,3,4357.93,0.1,11766.41
ORD0983,2025-07-31,Central,Consumer,Fashion,Backpack,1,4156.12,0.05,3948.31
ORD0984,2025-06-30,North,Consumer,Beauty,Lip Balm,5,3740.37,0.1,16831.67
ORD0985,2025-11-25,East,Corporate,Home & Kitchen,Table Lamp,2,213.76,0.0,427.52
ORD0986,2025-10-22,Central,Home Office,Electronics,Wireless Mouse,2,1397.1,0.0,2794.2
ORD0987,2025-07-30,East,Consumer,Fashion,Backpack,4,4391.83,0.0,17567.32
ORD0988,2025-12-18,South,Corporate,Fashion,Sneakers,2,604.11,0.05,1147.81
ORD0989,2025-07-13,South,Consumer,Home & Kitchen,Coffee Maker,1,4629.94,0.15,3935.45
ORD0990,2025-08-25,West,Home Office,Home & Kitchen,Cookware Set,2,437.96,0.15,744.53
ORD0991,2025-05-14,North,Consumer,Home & Kitchen,Coffee Maker,3,1015.59,0.15,2589.75
ORD0992,2025-09-27,South,Corporate,Beauty,Perfume,4,767.86,0.0,3071.44
ORD0993,2025-05-28,Central,Consumer,Beauty,Perfume,2,2269.28,0.0,4538.56
ORD0994,2025-05-25,North,Corporate,Home & Kitchen,Table Lamp,2,2159.92,0.0,4319.84
ORD0995,2025-05-15,Central,Home Office,Home & Kitchen,Storage Box,4,4554.18,0.05,17305.88
ORD0996,2025-11-28,West,Home Office,Beauty,Face Wash,1,2449.63,0.05,2327.15
ORD0997,2025-04-19,Central,Consumer,Beauty,Perfume,5,1428.88,0.0,7144.4
ORD0998,2025-01-27,Central,Home Office,Fashion,Jeans,4,4558.49,0.15,15498.87
ORD0999,2025-01-24,West,Home Office,Electronics,Bluetooth Speaker,5,3173.36,0.05,15073.46
ORD1000,2025-07-09,South,Home Office,Home & Kitchen,Storage Box,1,2985.34,0.05,2836.07
